size_class,instance,dimension,config,seed,cost,reference_cost,gap_percent,time_ms
0-100,att48,48,Greedy(start=0),0,12861.0000,10628.0000,21.0105,0.0089
0-100,bayg29,29,Greedy(start=0),0,2005.0000,1610.0000,24.5342,0.0040
0-100,bays29,29,Greedy(start=0),0,2258.0000,2020.0000,11.7822,0.0038
0-100,berlin52,52,Greedy(start=0),0,8980.0000,7542.0000,19.0666,0.0091
0-100,brazil58,58,Greedy(start=0),0,30774.0000,25395.0000,21.1813,0.0103
0-100,burma14,14,Greedy(start=0),0,4048.0000,3323.0000,21.8176,0.0015
0-100,dantzig42,42,Greedy(start=0),0,956.0000,699.0000,36.7668,0.0081
0-100,eil51,51,Greedy(start=0),0,511.0000,426.0000,19.9531,0.0072
0-100,eil76,76,Greedy(start=0),0,642.0000,538.0000,19.3309,0.0137
0-100,fri26,26,Greedy(start=0),0,1112.0000,937.0000,18.6766,0.0027
0-100,gr17,17,Greedy(start=0),0,2187.0000,2085.0000,4.8921,0.0014
0-100,gr21,21,Greedy(start=0),0,3333.0000,2707.0000,23.1252,0.0017
0-100,gr24,24,Greedy(start=0),0,1553.0000,1272.0000,22.0912,0.0027
0-100,gr48,48,Greedy(start=0),0,6098.0000,5046.0000,20.8482,0.0066
0-100,gr96,96,Greedy(start=0),0,70916.0000,55209.0000,28.4501,0.0197
0-100,hk48,48,Greedy(start=0),0,13181.0000,11461.0000,15.0074,0.0061
0-100,pr76,76,Greedy(start=0),0,153462.0000,108159.0000,41.8856,0.0128
0-100,rat99,99,Greedy(start=0),0,1554.0000,1211.0000,28.3237,0.0376
0-100,st70,70,Greedy(start=0),0,830.0000,675.0000,22.9630,0.0115
0-100,swiss42,42,Greedy(start=0),0,1630.0000,1273.0000,28.0440,0.0048
0-100,ulysses16,16,Greedy(start=0),0,9988.0000,6859.0000,45.6189,0.0013
0-100,ulysses22,22,Greedy(start=0),0,10586.0000,7013.0000,50.9482,0.0020
0-100,att48,48,baseline,10351455481907241004,12158.0000,10628.0000,14.3959,36.0107
0-100,att48,48,baseline,10351455481907241005,11344.0000,10628.0000,6.7369,35.4440
0-100,att48,48,baseline,10351455481907241006,11430.0000,10628.0000,7.5461,34.9306
0-100,att48,48,baseline,10351455481907241007,11736.0000,10628.0000,10.4253,35.3231
0-100,att48,48,baseline,10351455481907241008,12018.0000,10628.0000,13.0787,34.9848
0-100,bayg29,29,baseline,15782847130639804635,1697.0000,1610.0000,5.4037,25.2792
0-100,bayg29,29,baseline,15782847130639804636,1783.0000,1610.0000,10.7453,25.1142
0-100,bayg29,29,baseline,15782847130639804637,1733.0000,1610.0000,7.6398,24.0098
0-100,bayg29,29,baseline,15782847130639804638,1760.0000,1610.0000,9.3168,24.0266
0-100,bayg29,29,baseline,15782847130639804639,1720.0000,1610.0000,6.8323,24.2492
0-100,bays29,29,baseline,9257491505903248343,2201.0000,2020.0000,8.9604,24.4071
0-100,bays29,29,baseline,9257491505903248344,2208.0000,2020.0000,9.3069,24.5691
0-100,bays29,29,baseline,9257491505903248345,2139.0000,2020.0000,5.8911,24.4571
0-100,bays29,29,baseline,9257491505903248346,2092.0000,2020.0000,3.5644,24.2228
0-100,bays29,29,baseline,9257491505903248347,2190.0000,2020.0000,8.4158,24.3372
0-100,berlin52,52,baseline,11639313301876364062,9281.0000,7542.0000,23.0575,37.5841
0-100,berlin52,52,baseline,11639313301876364063,8295.0000,7542.0000,9.9841,38.3344
0-100,berlin52,52,baseline,11639313301876364064,8614.0000,7542.0000,14.2137,37.3193
0-100,berlin52,52,baseline,11639313301876364065,10230.0000,7542.0000,35.6404,36.5231
0-100,berlin52,52,baseline,11639313301876364066,7926.0000,7542.0000,5.0915,37.8887
0-100,brazil58,58,baseline,13549585373946304146,30292.0000,25395.0000,19.2833,40.1018
0-100,brazil58,58,baseline,13549585373946304147,27513.0000,25395.0000,8.3402,39.9202
0-100,brazil58,58,baseline,13549585373946304148,31358.0000,25395.0000,23.4810,40.7932
0-100,brazil58,58,baseline,13549585373946304149,27116.0000,25395.0000,6.7769,40.2472
0-100,brazil58,58,baseline,13549585373946304150,26957.0000,25395.0000,6.1508,39.9036
0-100,burma14,14,baseline,11914136568045239381,3323.0000,3323.0000,0.0000,16.1207
0-100,burma14,14,baseline,11914136568045239382,3323.0000,3323.0000,0.0000,18.0658
0-100,burma14,14,baseline,11914136568045239383,3323.0000,3323.0000,0.0000,16.8404
0-100,burma14,14,baseline,11914136568045239384,3323.0000,3323.0000,0.0000,16.7450
0-100,burma14,14,baseline,11914136568045239385,3323.0000,3323.0000,0.0000,16.2368
0-100,dantzig42,42,baseline,12404991703219025666,699.0000,699.0000,0.0000,31.6812
0-100,dantzig42,42,baseline,12404991703219025667,699.0000,699.0000,0.0000,41.1492
0-100,dantzig42,42,baseline,12404991703219025668,699.0000,699.0000,0.0000,31.8624
0-100,dantzig42,42,baseline,12404991703219025669,699.0000,699.0000,0.0000,31.3390
0-100,dantzig42,42,baseline,12404991703219025670,699.0000,699.0000,0.0000,31.1697
0-100,eil51,51,baseline,11558990413088064655,490.0000,426.0000,15.0235,37.0465
0-100,eil51,51,baseline,11558990413088064656,543.0000,426.0000,27.4648,37.2068
0-100,eil51,51,baseline,11558990413088064657,467.0000,426.0000,9.6244,36.8979
0-100,eil51,51,baseline,11558990413088064658,477.0000,426.0000,11.9718,36.2004
0-100,eil51,51,baseline,11558990413088064659,468.0000,426.0000,9.8592,37.9654
0-100,eil76,76,baseline,13682907398903048318,684.0000,538.0000,27.1375,49.6805
0-100,eil76,76,baseline,13682907398903048319,638.0000,538.0000,18.5874,50.3118
0-100,eil76,76,baseline,13682907398903048320,676.0000,538.0000,25.6506,50.2503
0-100,eil76,76,baseline,13682907398903048321,687.0000,538.0000,27.6952,50.4158
0-100,eil76,76,baseline,13682907398903048322,716.0000,538.0000,33.0855,49.9055
0-100,fri26,26,baseline,14853067717581345808,937.0000,937.0000,0.0000,22.0195
0-100,fri26,26,baseline,14853067717581345809,957.0000,937.0000,2.1345,23.4540
0-100,fri26,26,baseline,14853067717581345810,957.0000,937.0000,2.1345,23.6460
0-100,fri26,26,baseline,14853067717581345811,937.0000,937.0000,0.0000,22.3306
0-100,fri26,26,baseline,14853067717581345812,957.0000,937.0000,2.1345,23.2158
0-100,gr17,17,baseline,2254031387221208872,2123.0000,2085.0000,1.8225,17.6870
0-100,gr17,17,baseline,2254031387221208873,2129.0000,2085.0000,2.1103,18.2727
0-100,gr17,17,baseline,2254031387221208874,2090.0000,2085.0000,0.2398,17.3840
0-100,gr17,17,baseline,2254031387221208875,2090.0000,2085.0000,0.2398,18.3107
0-100,gr17,17,baseline,2254031387221208876,2090.0000,2085.0000,0.2398,18.3075
0-100,gr21,21,baseline,4561064198559615009,2998.0000,2707.0000,10.7499,19.8547
0-100,gr21,21,baseline,4561064198559615010,2707.0000,2707.0000,0.0000,20.1454
0-100,gr21,21,baseline,4561064198559615011,3026.0000,2707.0000,11.7843,20.0223
0-100,gr21,21,baseline,4561064198559615012,2795.0000,2707.0000,3.2508,20.0929
0-100,gr21,21,baseline,4561064198559615013,2707.0000,2707.0000,0.0000,19.6113
0-100,gr24,24,baseline,5206728796390442408,1317.0000,1272.0000,3.5377,21.3114
0-100,gr24,24,baseline,5206728796390442409,1362.0000,1272.0000,7.0755,21.7388
0-100,gr24,24,baseline,5206728796390442410,1317.0000,1272.0000,3.5377,21.6538
0-100,gr24,24,baseline,5206728796390442411,1350.0000,1272.0000,6.1321,21.3780
0-100,gr24,24,baseline,5206728796390442412,1359.0000,1272.0000,6.8396,21.7759
0-100,gr48,48,baseline,966509558358633066,5928.0000,5046.0000,17.4792,36.0461
0-100,gr48,48,baseline,966509558358633067,5902.0000,5046.0000,16.9639,35.3219
0-100,gr48,48,baseline,966509558358633068,6013.0000,5046.0000,19.1637,35.3419
0-100,gr48,48,baseline,966509558358633069,6260.0000,5046.0000,24.0587,35.3355
0-100,gr48,48,baseline,966509558358633070,5693.0000,5046.0000,12.8220,36.2770
0-100,gr96,96,baseline,6230047145665351731,74952.0000,55209.0000,35.7605,60.1072
0-100,gr96,96,baseline,6230047145665351732,68996.0000,55209.0000,24.9724,60.3083
0-100,gr96,96,baseline,6230047145665351733,73733.0000,55209.0000,33.5525,58.0150
0-100,gr96,96,baseline,6230047145665351734,68526.0000,55209.0000,24.1211,58.4301
0-100,gr96,96,baseline,6230047145665351735,72730.0000,55209.0000,31.7358,57.9492
0-100,hk48,48,baseline,13473725755488941718,13343.0000,11461.0000,16.4209,35.8841
0-100,hk48,48,baseline,13473725755488941719,13122.0000,11461.0000,14.4926,35.2121
0-100,hk48,48,baseline,13473725755488941720,13636.0000,11461.0000,18.9774,35.8694
0-100,hk48,48,baseline,13473725755488941721,13338.0000,11461.0000,16.3773,36.8522
0-100,hk48,48,baseline,13473725755488941722,12294.0000,11461.0000,7.2681,36.1396
0-100,pr76,76,baseline,17388233636415044444,150781.0000,108159.0000,39.4068,48.6664
0-100,pr76,76,baseline,17388233636415044445,150781.0000,108159.0000,39.4068,48.2993
0-100,pr76,76,baseline,17388233636415044446,150781.0000,108159.0000,39.4068,48.7311
0-100,pr76,76,baseline,17388233636415044447,150649.0000,108159.0000,39.2848,48.6651
0-100,pr76,76,baseline,17388233636415044448,150781.0000,108159.0000,39.4068,49.2024
0-100,rat99,99,baseline,6028651464729002716,1777.0000,1211.0000,46.7382,60.5636
0-100,rat99,99,baseline,6028651464729002717,1738.0000,1211.0000,43.5178,60.5743
0-100,rat99,99,baseline,6028651464729002718,1823.0000,1211.0000,50.5367,59.1761
0-100,rat99,99,baseline,6028651464729002719,1878.0000,1211.0000,55.0784,60.0600
0-100,rat99,99,baseline,6028651464729002720,1887.0000,1211.0000,55.8216,61.8067
0-100,st70,70,baseline,11904276634692459317,860.0000,675.0000,27.4074,47.2728
0-100,st70,70,baseline,11904276634692459318,900.0000,675.0000,33.3333,47.0107
0-100,st70,70,baseline,11904276634692459319,847.0000,675.0000,25.4815,45.9667
0-100,st70,70,baseline,11904276634692459320,836.0000,675.0000,23.8519,47.4064
0-100,st70,70,baseline,11904276634692459321,912.0000,675.0000,35.1111,46.2004
0-100,swiss42,42,baseline,18155354788324656066,1562.0000,1273.0000,22.7023,31.5269
0-100,swiss42,42,baseline,18155354788324656067,1459.0000,1273.0000,14.6112,32.8348
0-100,swiss42,42,baseline,18155354788324656068,1588.0000,1273.0000,24.7447,31.6241
0-100,swiss42,42,baseline,18155354788324656069,1501.0000,1273.0000,17.9104,32.3464
0-100,swiss42,42,baseline,18155354788324656070,1466.0000,1273.0000,15.1610,32.1020
0-100,ulysses16,16,baseline,6689035430574432696,6939.0000,6859.0000,1.1664,18.3341
0-100,ulysses16,16,baseline,6689035430574432697,6859.0000,6859.0000,0.0000,16.9636
0-100,ulysses16,16,baseline,6689035430574432698,6963.0000,6859.0000,1.5163,20.1772
0-100,ulysses16,16,baseline,6689035430574432699,6903.0000,6859.0000,0.6415,19.4684
0-100,ulysses16,16,baseline,6689035430574432700,6859.0000,6859.0000,0.0000,17.5592
0-100,ulysses22,22,baseline,3277596615896873227,7092.0000,7013.0000,1.1265,21.2976
0-100,ulysses22,22,baseline,3277596615896873228,7215.0000,7013.0000,2.8804,20.0242
0-100,ulysses22,22,baseline,3277596615896873229,7226.0000,7013.0000,3.0372,20.2055
0-100,ulysses22,22,baseline,3277596615896873230,7105.0000,7013.0000,1.3118,20.7573
0-100,ulysses22,22,baseline,3277596615896873231,7219.0000,7013.0000,2.9374,20.1599
0-100,att48,48,r1_mut_0.40,11592240564152361834,11597.0000,10628.0000,9.1174,37.6239
0-100,att48,48,r1_mut_0.40,11592240564152361835,11452.0000,10628.0000,7.7531,39.2825
0-100,att48,48,r1_mut_0.40,11592240564152361836,11295.0000,10628.0000,6.2759,38.2670
0-100,att48,48,r1_mut_0.40,11592240564152361837,11308.0000,10628.0000,6.3982,38.5156
0-100,att48,48,r1_mut_0.40,11592240564152361838,11490.0000,10628.0000,8.1107,39.3543
0-100,bayg29,29,r1_mut_0.40,12304996241364668821,1610.0000,1610.0000,0.0000,27.8503
0-100,bayg29,29,r1_mut_0.40,12304996241364668822,1634.0000,1610.0000,1.4907,27.6566
0-100,bayg29,29,r1_mut_0.40,12304996241364668823,1732.0000,1610.0000,7.5776,30.2179
0-100,bayg29,29,r1_mut_0.40,12304996241364668824,1642.0000,1610.0000,1.9876,25.8984
0-100,bayg29,29,r1_mut_0.40,12304996241364668825,1694.0000,1610.0000,5.2174,26.1693
0-100,bays29,29,r1_mut_0.40,5779640616628112529,2034.0000,2020.0000,0.6931,26.4225
0-100,bays29,29,r1_mut_0.40,5779640616628112530,2034.0000,2020.0000,0.6931,26.4727
0-100,bays29,29,r1_mut_0.40,5779640616628112531,2050.0000,2020.0000,1.4851,26.5371
0-100,bays29,29,r1_mut_0.40,5779640616628112532,2026.0000,2020.0000,0.2970,26.9321
0-100,bays29,29,r1_mut_0.40,5779640616628112533,2050.0000,2020.0000,1.4851,26.7119
0-100,berlin52,52,r1_mut_0.40,3457280901670137768,8331.0000,7542.0000,10.4614,43.0713
0-100,berlin52,52,r1_mut_0.40,3457280901670137769,8581.0000,7542.0000,13.7762,41.7741
0-100,berlin52,52,r1_mut_0.40,3457280901670137770,8759.0000,7542.0000,16.1363,40.1206
0-100,berlin52,52,r1_mut_0.40,3457280901670137771,8357.0000,7542.0000,10.8062,40.9967
0-100,berlin52,52,r1_mut_0.40,3457280901670137772,8237.0000,7542.0000,9.2151,40.6217
0-100,brazil58,58,r1_mut_0.40,5367552973740077852,26692.0000,25395.0000,5.1073,44.3466
0-100,brazil58,58,r1_mut_0.40,5367552973740077853,28586.0000,25395.0000,12.5655,44.5418
0-100,brazil58,58,r1_mut_0.40,5367552973740077854,27395.0000,25395.0000,7.8756,44.6334
0-100,brazil58,58,r1_mut_0.40,5367552973740077855,28430.0000,25395.0000,11.9512,44.6446
0-100,brazil58,58,r1_mut_0.40,5367552973740077856,26792.0000,25395.0000,5.5011,44.6710
0-100,burma14,14,r1_mut_0.40,17484271915741238147,3323.0000,3323.0000,0.0000,16.8845
0-100,burma14,14,r1_mut_0.40,17484271915741238148,3323.0000,3323.0000,0.0000,18.0912
0-100,burma14,14,r1_mut_0.40,17484271915741238149,3323.0000,3323.0000,0.0000,17.4026
0-100,burma14,14,r1_mut_0.40,17484271915741238150,3323.0000,3323.0000,0.0000,17.2127
0-100,burma14,14,r1_mut_0.40,17484271915741238151,3323.0000,3323.0000,0.0000,18.2114
0-100,dantzig42,42,r1_mut_0.40,10469903551357374880,699.0000,699.0000,0.0000,34.0449
0-100,dantzig42,42,r1_mut_0.40,10469903551357374881,699.0000,699.0000,0.0000,33.3328
0-100,dantzig42,42,r1_mut_0.40,10469903551357374882,699.0000,699.0000,0.0000,32.9700
0-100,dantzig42,42,r1_mut_0.40,10469903551357374883,699.0000,699.0000,0.0000,32.6069
0-100,dantzig42,42,r1_mut_0.40,10469903551357374884,699.0000,699.0000,0.0000,33.0511
0-100,eil51,51,r1_mut_0.40,12799775495333185485,475.0000,426.0000,11.5023,40.7343
0-100,eil51,51,r1_mut_0.40,12799775495333185486,469.0000,426.0000,10.0939,39.6967
0-100,eil51,51,r1_mut_0.40,12799775495333185487,472.0000,426.0000,10.7981,39.3918
0-100,eil51,51,r1_mut_0.40,12799775495333185488,476.0000,426.0000,11.7371,39.6576
0-100,eil51,51,r1_mut_0.40,12799775495333185489,442.0000,426.0000,3.7559,39.4670
0-100,eil76,76,r1_mut_0.40,14923692481148169148,678.0000,538.0000,26.0223,53.0982
0-100,eil76,76,r1_mut_0.40,14923692481148169149,640.0000,538.0000,18.9591,53.0162
0-100,eil76,76,r1_mut_0.40,14923692481148169150,699.0000,538.0000,29.9257,54.0283
0-100,eil76,76,r1_mut_0.40,14923692481148169151,740.0000,538.0000,37.5465,53.5113
0-100,eil76,76,r1_mut_0.40,14923692481148169152,628.0000,538.0000,16.7286,53.9644
0-100,fri26,26,r1_mut_0.40,16093852799826466638,937.0000,937.0000,0.0000,24.2560
0-100,fri26,26,r1_mut_0.40,16093852799826466639,937.0000,937.0000,0.0000,23.5490
0-100,fri26,26,r1_mut_0.40,16093852799826466640,937.0000,937.0000,0.0000,24.0222
0-100,fri26,26,r1_mut_0.40,16093852799826466641,937.0000,937.0000,0.0000,23.7779
0-100,fri26,26,r1_mut_0.40,16093852799826466642,955.0000,937.0000,1.9210,23.4467
0-100,gr17,17,r1_mut_0.40,7755281799106076306,2085.0000,2085.0000,0.0000,18.5736
0-100,gr17,17,r1_mut_0.40,7755281799106076307,2090.0000,2085.0000,0.2398,19.3737
0-100,gr17,17,r1_mut_0.40,7755281799106076308,2103.0000,2085.0000,0.8633,20.2385
0-100,gr17,17,r1_mut_0.40,7755281799106076309,2090.0000,2085.0000,0.2398,19.8016
0-100,gr17,17,r1_mut_0.40,7755281799106076310,2090.0000,2085.0000,0.2398,19.9242
0-100,gr21,21,r1_mut_0.40,10062314610444482443,2707.0000,2707.0000,0.0000,21.3093
0-100,gr21,21,r1_mut_0.40,10062314610444482444,2707.0000,2707.0000,0.0000,20.9000
0-100,gr21,21,r1_mut_0.40,10062314610444482445,2707.0000,2707.0000,0.0000,21.5174
0-100,gr21,21,r1_mut_0.40,10062314610444482446,2998.0000,2707.0000,10.7499,21.6478
0-100,gr21,21,r1_mut_0.40,10062314610444482447,2707.0000,2707.0000,0.0000,22.0725
0-100,gr24,24,r1_mut_0.40,10707979208275309842,1272.0000,1272.0000,0.0000,25.4210
0-100,gr24,24,r1_mut_0.40,10707979208275309843,1336.0000,1272.0000,5.0314,24.1606
0-100,gr24,24,r1_mut_0.40,10707979208275309844,1356.0000,1272.0000,6.6038,23.3397
0-100,gr24,24,r1_mut_0.40,10707979208275309845,1318.0000,1272.0000,3.6164,23.8015
0-100,gr24,24,r1_mut_0.40,10707979208275309846,1272.0000,1272.0000,0.0000,23.3283
0-100,gr48,48,r1_mut_0.40,6467759970243500500,5260.0000,5046.0000,4.2410,37.8333
0-100,gr48,48,r1_mut_0.40,6467759970243500501,5517.0000,5046.0000,9.3341,38.8287
0-100,gr48,48,r1_mut_0.40,6467759970243500502,5462.0000,5046.0000,8.2442,37.9282
0-100,gr48,48,r1_mut_0.40,6467759970243500503,5544.0000,5046.0000,9.8692,37.6156
0-100,gr48,48,r1_mut_0.40,6467759970243500504,5443.0000,5046.0000,7.8676,38.6458
0-100,gr96,96,r1_mut_0.40,11731297557550219165,63952.0000,55209.0000,15.8362,61.7346
0-100,gr96,96,r1_mut_0.40,11731297557550219166,68418.0000,55209.0000,23.9254,60.9404
0-100,gr96,96,r1_mut_0.40,11731297557550219167,66378.0000,55209.0000,20.2304,60.8731
0-100,gr96,96,r1_mut_0.40,11731297557550219168,62550.0000,55209.0000,13.2967,61.1499
0-100,gr96,96,r1_mut_0.40,11731297557550219169,64139.0000,55209.0000,16.1749,60.2459
0-100,hk48,48,r1_mut_0.40,528232093664257536,12424.0000,11461.0000,8.4024,38.3038
0-100,hk48,48,r1_mut_0.40,528232093664257537,12823.0000,11461.0000,11.8838,38.7112
0-100,hk48,48,r1_mut_0.40,528232093664257538,12332.0000,11461.0000,7.5997,37.8275
0-100,hk48,48,r1_mut_0.40,528232093664257539,12348.0000,11461.0000,7.7393,38.1846
0-100,hk48,48,r1_mut_0.40,528232093664257540,12745.0000,11461.0000,11.2032,39.2172
0-100,pr76,76,r1_mut_0.40,4442739974590360262,138172.0000,108159.0000,27.7490,53.3008
0-100,pr76,76,r1_mut_0.40,4442739974590360263,140482.0000,108159.0000,29.8847,52.2979
0-100,pr76,76,r1_mut_0.40,4442739974590360264,143751.0000,108159.0000,32.9071,52.5366
0-100,pr76,76,r1_mut_0.40,4442739974590360265,142494.0000,108159.0000,31.7449,51.9017
0-100,pr76,76,r1_mut_0.40,4442739974590360266,141313.0000,108159.0000,30.6530,52.7302
0-100,rat99,99,r1_mut_0.40,7269436546974123546,1547.0000,1211.0000,27.7457,66.3623
0-100,rat99,99,r1_mut_0.40,7269436546974123547,1571.0000,1211.0000,29.7275,63.2247
0-100,rat99,99,r1_mut_0.40,7269436546974123548,1564.0000,1211.0000,29.1495,62.5046
0-100,rat99,99,r1_mut_0.40,7269436546974123549,1554.0000,1211.0000,28.3237,62.8550
0-100,rat99,99,r1_mut_0.40,7269436546974123550,1566.0000,1211.0000,29.3146,63.7996
0-100,st70,70,r1_mut_0.40,17405527046577326751,821.0000,675.0000,21.6296,51.8375
0-100,st70,70,r1_mut_0.40,17405527046577326752,827.0000,675.0000,22.5185,52.0852
0-100,st70,70,r1_mut_0.40,17405527046577326753,837.0000,675.0000,24.0000,53.4833
0-100,st70,70,r1_mut_0.40,17405527046577326754,839.0000,675.0000,24.2963,50.6348
0-100,st70,70,r1_mut_0.40,17405527046577326755,920.0000,675.0000,36.2963,53.7426
0-100,swiss42,42,r1_mut_0.40,5278746062311103216,1395.0000,1273.0000,9.5837,36.2775
0-100,swiss42,42,r1_mut_0.40,5278746062311103217,1418.0000,1273.0000,11.3904,36.7176
0-100,swiss42,42,r1_mut_0.40,5278746062311103218,1433.0000,1273.0000,12.5687,40.7014
0-100,swiss42,42,r1_mut_0.40,5278746062311103219,1344.0000,1273.0000,5.5774,37.3167
0-100,swiss42,42,r1_mut_0.40,5278746062311103220,1455.0000,1273.0000,14.2969,37.0424
0-100,ulysses16,16,r1_mut_0.40,4753947278712781910,6939.0000,6859.0000,1.1664,20.0796
0-100,ulysses16,16,r1_mut_0.40,4753947278712781911,6903.0000,6859.0000,0.6415,20.4067
0-100,ulysses16,16,r1_mut_0.40,4753947278712781912,6870.0000,6859.0000,0.1604,19.0928
0-100,ulysses16,16,r1_mut_0.40,4753947278712781913,6875.0000,6859.0000,0.2333,19.3287
0-100,ulysses16,16,r1_mut_0.40,4753947278712781914,6895.0000,6859.0000,0.5249,19.2406
0-100,ulysses22,22,r1_mut_0.40,1342508464035222441,7013.0000,7013.0000,0.0000,22.5561
0-100,ulysses22,22,r1_mut_0.40,1342508464035222442,7195.0000,7013.0000,2.5952,21.7669
0-100,ulysses22,22,r1_mut_0.40,1342508464035222443,7013.0000,7013.0000,0.0000,21.7471
0-100,ulysses22,22,r1_mut_0.40,1342508464035222444,7120.0000,7013.0000,1.5257,23.5898
0-100,ulysses22,22,r1_mut_0.40,1342508464035222445,7092.0000,7013.0000,1.1265,22.4748
0-100,att48,48,r1_xov_0.99,16165129544045699521,12826.0000,10628.0000,20.6812,39.7892
0-100,att48,48,r1_xov_0.99,16165129544045699522,11066.0000,10628.0000,4.1212,38.0996
0-100,att48,48,r1_xov_0.99,16165129544045699523,11435.0000,10628.0000,7.5932,37.7147
0-100,att48,48,r1_xov_0.99,16165129544045699524,11901.0000,10628.0000,11.9778,39.8490
0-100,att48,48,r1_xov_0.99,16165129544045699525,12337.0000,10628.0000,16.0802,38.7749
0-100,bayg29,29,r1_xov_0.99,2610898174976702490,1716.0000,1610.0000,6.5839,25.5625
0-100,bayg29,29,r1_xov_0.99,2610898174976702491,1738.0000,1610.0000,7.9503,26.6563
0-100,bayg29,29,r1_xov_0.99,2610898174976702492,1622.0000,1610.0000,0.7453,30.2774
0-100,bayg29,29,r1_xov_0.99,2610898174976702493,1684.0000,1610.0000,4.5963,29.6604
0-100,bayg29,29,r1_xov_0.99,2610898174976702494,1659.0000,1610.0000,3.0435,26.5334
0-100,bays29,29,r1_xov_0.99,14532286623949697814,2230.0000,2020.0000,10.3960,25.8548
0-100,bays29,29,r1_xov_0.99,14532286623949697815,2090.0000,2020.0000,3.4653,25.9690
0-100,bays29,29,r1_xov_0.99,14532286623949697816,2314.0000,2020.0000,14.5545,25.3553
0-100,bays29,29,r1_xov_0.99,14532286623949697817,2125.0000,2020.0000,5.1980,25.8620
0-100,bays29,29,r1_xov_0.99,14532286623949697818,2310.0000,2020.0000,14.3564,27.4357
0-100,berlin52,52,r1_xov_0.99,14225164404225956181,8614.0000,7542.0000,14.2137,43.5984
0-100,berlin52,52,r1_xov_0.99,14225164404225956182,8524.0000,7542.0000,13.0204,42.1615
0-100,berlin52,52,r1_xov_0.99,14225164404225956183,8412.0000,7542.0000,11.5354,47.8509
0-100,berlin52,52,r1_xov_0.99,14225164404225956184,8759.0000,7542.0000,16.1363,43.3912
0-100,berlin52,52,r1_xov_0.99,14225164404225956185,8130.0000,7542.0000,7.7963,42.8200
0-100,brazil58,58,r1_xov_0.99,16135436476295896265,29686.0000,25395.0000,16.8970,46.8432
0-100,brazil58,58,r1_xov_0.99,16135436476295896266,28181.0000,25395.0000,10.9707,44.8934
0-100,brazil58,58,r1_xov_0.99,16135436476295896267,29388.0000,25395.0000,15.7236,45.1115
0-100,brazil58,58,r1_xov_0.99,16135436476295896268,26364.0000,25395.0000,3.8157,44.6550
0-100,brazil58,58,r1_xov_0.99,16135436476295896269,29607.0000,25395.0000,16.5859,43.7743
0-100,burma14,14,r1_xov_0.99,1936022231167158674,3323.0000,3323.0000,0.0000,17.7412
0-100,burma14,14,r1_xov_0.99,1936022231167158675,3323.0000,3323.0000,0.0000,17.7426
0-100,burma14,14,r1_xov_0.99,1936022231167158676,3323.0000,3323.0000,0.0000,16.1352
0-100,burma14,14,r1_xov_0.99,1936022231167158677,3323.0000,3323.0000,0.0000,17.3729
0-100,burma14,14,r1_xov_0.99,1936022231167158678,3323.0000,3323.0000,0.0000,17.2818
0-100,dantzig42,42,r1_xov_0.99,663348710534112551,699.0000,699.0000,0.0000,33.8866
0-100,dantzig42,42,r1_xov_0.99,663348710534112552,699.0000,699.0000,0.0000,34.0492
0-100,dantzig42,42,r1_xov_0.99,663348710534112553,699.0000,699.0000,0.0000,33.9697
0-100,dantzig42,42,r1_xov_0.99,663348710534112554,699.0000,699.0000,0.0000,34.0504
0-100,dantzig42,42,r1_xov_0.99,663348710534112555,699.0000,699.0000,0.0000,33.8719
0-100,eil51,51,r1_xov_0.99,17372664475226523172,481.0000,426.0000,12.9108,43.4848
0-100,eil51,51,r1_xov_0.99,17372664475226523173,484.0000,426.0000,13.6150,51.9972
0-100,eil51,51,r1_xov_0.99,17372664475226523174,508.0000,426.0000,19.2488,42.5190
0-100,eil51,51,r1_xov_0.99,17372664475226523175,458.0000,426.0000,7.5117,40.1267
0-100,eil51,51,r1_xov_0.99,17372664475226523176,513.0000,426.0000,20.4225,40.3298
0-100,eil76,76,r1_xov_0.99,1049837387331955219,666.0000,538.0000,23.7918,53.2521
0-100,eil76,76,r1_xov_0.99,1049837387331955220,649.0000,538.0000,20.6320,54.2156
0-100,eil76,76,r1_xov_0.99,1049837387331955221,679.0000,538.0000,26.2082,59.7983
0-100,eil76,76,r1_xov_0.99,1049837387331955222,669.0000,538.0000,24.3494,53.1539
0-100,eil76,76,r1_xov_0.99,1049837387331955223,647.0000,538.0000,20.2602,55.8849
0-100,fri26,26,r1_xov_0.99,2219997706010252709,937.0000,937.0000,0.0000,23.6714
0-100,fri26,26,r1_xov_0.99,2219997706010252710,957.0000,937.0000,2.1345,24.0611
0-100,fri26,26,r1_xov_0.99,2219997706010252711,955.0000,937.0000,1.9210,23.8990
0-100,fri26,26,r1_xov_0.99,2219997706010252712,955.0000,937.0000,1.9210,23.8556
0-100,fri26,26,r1_xov_0.99,2219997706010252713,937.0000,937.0000,0.0000,23.4582
0-100,gr17,17,r1_xov_0.99,1594336377248618799,2090.0000,2085.0000,0.2398,32.7501
0-100,gr17,17,r1_xov_0.99,1594336377248618800,2158.0000,2085.0000,3.5012,24.2384
0-100,gr17,17,r1_xov_0.99,1594336377248618801,2090.0000,2085.0000,0.2398,19.5694
0-100,gr17,17,r1_xov_0.99,1594336377248618802,2136.0000,2085.0000,2.4460,18.3124
0-100,gr17,17,r1_xov_0.99,1594336377248618803,2085.0000,2085.0000,0.0000,18.0225
0-100,gr21,21,r1_xov_0.99,3901369188587024936,2998.0000,2707.0000,10.7499,21.8255
0-100,gr21,21,r1_xov_0.99,3901369188587024937,2707.0000,2707.0000,0.0000,21.0227
0-100,gr21,21,r1_xov_0.99,3901369188587024938,3000.0000,2707.0000,10.8238,20.2428
0-100,gr21,21,r1_xov_0.99,3901369188587024939,2801.0000,2707.0000,3.4725,22.1480
0-100,gr21,21,r1_xov_0.99,3901369188587024940,2707.0000,2707.0000,0.0000,20.9148
0-100,gr24,24,r1_xov_0.99,4547033786417852335,1279.0000,1272.0000,0.5503,23.8467
0-100,gr24,24,r1_xov_0.99,4547033786417852336,1278.0000,1272.0000,0.4717,24.2795
0-100,gr24,24,r1_xov_0.99,4547033786417852337,1318.0000,1272.0000,3.6164,23.6439
0-100,gr24,24,r1_xov_0.99,4547033786417852338,1300.0000,1272.0000,2.2013,23.0215
0-100,gr24,24,r1_xov_0.99,4547033786417852339,1375.0000,1272.0000,8.0975,23.2744
0-100,gr48,48,r1_xov_0.99,306814548386042993,5537.0000,5046.0000,9.7305,37.4410
0-100,gr48,48,r1_xov_0.99,306814548386042994,5728.0000,5046.0000,13.5157,38.2088
0-100,gr48,48,r1_xov_0.99,306814548386042995,5498.0000,5046.0000,8.9576,42.3001
0-100,gr48,48,r1_xov_0.99,306814548386042996,6205.0000,5046.0000,22.9687,38.8491
0-100,gr48,48,r1_xov_0.99,306814548386042997,5769.0000,5046.0000,14.3282,38.5289
0-100,gr96,96,r1_xov_0.99,5570352135692761658,69510.0000,55209.0000,25.9034,62.4095
0-100,gr96,96,r1_xov_0.99,5570352135692761659,69463.0000,55209.0000,25.8183,61.2380
0-100,gr96,96,r1_xov_0.99,5570352135692761660,70376.0000,55209.0000,27.4720,61.3187
0-100,gr96,96,r1_xov_0.99,5570352135692761661,71606.0000,55209.0000,29.6999,63.4790
0-100,gr96,96,r1_xov_0.99,5570352135692761662,69305.0000,55209.0000,25.5321,62.2717
0-100,hk48,48,r1_xov_0.99,12814030745516351645,13481.0000,11461.0000,17.6250,38.4392
0-100,hk48,48,r1_xov_0.99,12814030745516351646,14210.0000,11461.0000,23.9857,38.8562
0-100,hk48,48,r1_xov_0.99,12814030745516351647,13145.0000,11461.0000,14.6933,38.8297
0-100,hk48,48,r1_xov_0.99,12814030745516351648,13090.0000,11461.0000,14.2134,37.9629
0-100,hk48,48,r1_xov_0.99,12814030745516351649,12751.0000,11461.0000,11.2556,39.0371
0-100,pr76,76,r1_xov_0.99,16728538626442454371,147326.0000,108159.0000,36.2124,50.6461
0-100,pr76,76,r1_xov_0.99,16728538626442454372,148471.0000,108159.0000,37.2711,51.3569
0-100,pr76,76,r1_xov_0.99,16728538626442454373,150781.0000,108159.0000,39.4068,51.2594
0-100,pr76,76,r1_xov_0.99,16728538626442454374,150781.0000,108159.0000,39.4068,52.6888
0-100,pr76,76,r1_xov_0.99,16728538626442454375,147430.0000,108159.0000,36.3086,51.2131
0-100,rat99,99,r1_xov_0.99,11842325526867461233,1881.0000,1211.0000,55.3262,64.3512
0-100,rat99,99,r1_xov_0.99,11842325526867461234,1624.0000,1211.0000,34.1040,63.6847
0-100,rat99,99,r1_xov_0.99,11842325526867461235,1540.0000,1211.0000,27.1676,65.4721
0-100,rat99,99,r1_xov_0.99,11842325526867461236,1817.0000,1211.0000,50.0413,66.4632
0-100,rat99,99,r1_xov_0.99,11842325526867461237,1787.0000,1211.0000,47.5640,63.0055
0-100,st70,70,r1_xov_0.99,11244581624719869244,826.0000,675.0000,22.3704,49.9326
0-100,st70,70,r1_xov_0.99,11244581624719869245,799.0000,675.0000,18.3704,50.6544
0-100,st70,70,r1_xov_0.99,11244581624719869246,918.0000,675.0000,36.0000,49.6868
0-100,st70,70,r1_xov_0.99,11244581624719869247,819.0000,675.0000,21.3333,49.3807
0-100,st70,70,r1_xov_0.99,11244581624719869248,905.0000,675.0000,34.0741,49.5964
0-100,swiss42,42,r1_xov_0.99,8177240451446575359,1488.0000,1273.0000,16.8892,33.7932
0-100,swiss42,42,r1_xov_0.99,8177240451446575360,1578.0000,1273.0000,23.9592,33.7875
0-100,swiss42,42,r1_xov_0.99,8177240451446575361,1401.0000,1273.0000,10.0550,34.4161
0-100,swiss42,42,r1_xov_0.99,8177240451446575362,1509.0000,1273.0000,18.5389,33.4680
0-100,swiss42,42,r1_xov_0.99,8177240451446575363,1524.0000,1273.0000,19.7172,33.6529
0-100,ulysses16,16,r1_xov_0.99,13394136511599071197,6939.0000,6859.0000,1.1664,18.2941
0-100,ulysses16,16,r1_xov_0.99,13394136511599071198,6859.0000,6859.0000,0.0000,18.2641
0-100,ulysses16,16,r1_xov_0.99,13394136511599071199,6875.0000,6859.0000,0.2333,19.6158
0-100,ulysses16,16,r1_xov_0.99,13394136511599071200,6909.0000,6859.0000,0.7290,18.8837
0-100,ulysses16,16,r1_xov_0.99,13394136511599071201,6978.0000,6859.0000,1.7349,18.3494
0-100,ulysses22,22,r1_xov_0.99,9982697696921511728,7359.0000,7013.0000,4.9337,21.7965
0-100,ulysses22,22,r1_xov_0.99,9982697696921511729,7013.0000,7013.0000,0.0000,21.2141
0-100,ulysses22,22,r1_xov_0.99,9982697696921511730,7114.0000,7013.0000,1.4402,21.1581
0-100,ulysses22,22,r1_xov_0.99,9982697696921511731,7141.0000,7013.0000,1.8252,20.9673
0-100,ulysses22,22,r1_xov_0.99,9982697696921511732,7153.0000,7013.0000,1.9963,21.3710
0-100,att48,48,c_m40_x99,16931691522490396821,10892.0000,10628.0000,2.4840,43.5655
0-100,att48,48,c_m40_x99,16931691522490396822,11848.0000,10628.0000,11.4791,45.3168
0-100,att48,48,c_m40_x99,16931691522490396823,11266.0000,10628.0000,6.0030,42.4320
0-100,att48,48,c_m40_x99,16931691522490396824,11044.0000,10628.0000,3.9142,43.7716
0-100,att48,48,c_m40_x99,16931691522490396825,11164.0000,10628.0000,5.0433,43.4626
0-100,bayg29,29,c_m40_x99,10796796982684290710,1610.0000,1610.0000,0.0000,28.6141
0-100,bayg29,29,c_m40_x99,10796796982684290711,1726.0000,1610.0000,7.2050,28.8894
0-100,bayg29,29,c_m40_x99,10796796982684290712,1643.0000,1610.0000,2.0497,28.1660
0-100,bayg29,29,c_m40_x99,10796796982684290713,1784.0000,1610.0000,10.8075,30.5645
0-100,bayg29,29,c_m40_x99,10796796982684290714,1799.0000,1610.0000,11.7391,30.2227
0-100,bays29,29,c_m40_x99,4271441357947734418,2034.0000,2020.0000,0.6931,28.1188
0-100,bays29,29,c_m40_x99,4271441357947734419,2028.0000,2020.0000,0.3960,27.7834
0-100,bays29,29,c_m40_x99,4271441357947734420,2225.0000,2020.0000,10.1485,28.5204
0-100,bays29,29,c_m40_x99,4271441357947734421,2066.0000,2020.0000,2.2772,27.5306
0-100,bays29,29,c_m40_x99,4271441357947734422,2148.0000,2020.0000,6.3366,28.1647
0-100,berlin52,52,c_m40_x99,2031738102202292145,8510.0000,7542.0000,12.8348,48.9102
0-100,berlin52,52,c_m40_x99,2031738102202292146,8932.0000,7542.0000,18.4301,46.5710
0-100,berlin52,52,c_m40_x99,2031738102202292147,9293.0000,7542.0000,23.2167,45.7482
0-100,berlin52,52,c_m40_x99,2031738102202292148,9884.0000,7542.0000,31.0528,45.9695
0-100,berlin52,52,c_m40_x99,2031738102202292149,8103.0000,7542.0000,7.4383,45.3168
0-100,brazil58,58,c_m40_x99,3942010174272232229,30789.0000,25395.0000,21.2404,49.8210
0-100,brazil58,58,c_m40_x99,3942010174272232230,32708.0000,25395.0000,28.7970,50.4390
0-100,brazil58,58,c_m40_x99,3942010174272232231,31061.0000,25395.0000,22.3115,49.5090
0-100,brazil58,58,c_m40_x99,3942010174272232232,30085.0000,25395.0000,18.4682,50.2103
0-100,brazil58,58,c_m40_x99,3942010174272232233,33371.0000,25395.0000,31.4078,49.6989
0-100,burma14,14,c_m40_x99,4377609765707221766,3323.0000,3323.0000,0.0000,18.2806
0-100,burma14,14,c_m40_x99,4377609765707221767,3323.0000,3323.0000,0.0000,17.9455
0-100,burma14,14,c_m40_x99,4377609765707221768,3323.0000,3323.0000,0.0000,18.8724
0-100,burma14,14,c_m40_x99,4377609765707221769,3323.0000,3323.0000,0.0000,18.8091
0-100,burma14,14,c_m40_x99,4377609765707221770,3323.0000,3323.0000,0.0000,18.4773
0-100,dantzig42,42,c_m40_x99,8191237558165114427,699.0000,699.0000,0.0000,36.0134
0-100,dantzig42,42,c_m40_x99,8191237558165114428,699.0000,699.0000,0.0000,36.3600
0-100,dantzig42,42,c_m40_x99,8191237558165114429,699.0000,699.0000,0.0000,60.4677
0-100,dantzig42,42,c_m40_x99,8191237558165114430,699.0000,699.0000,0.0000,124.9754
0-100,dantzig42,42,c_m40_x99,8191237558165114431,699.0000,699.0000,0.0000,62.9989
0-100,eil51,51,c_m40_x99,18139226453671220472,472.0000,426.0000,10.7981,83.6438
0-100,eil51,51,c_m40_x99,18139226453671220473,504.0000,426.0000,18.3099,75.6092
0-100,eil51,51,c_m40_x99,18139226453671220474,475.0000,426.0000,11.5023,89.0792
0-100,eil51,51,c_m40_x99,18139226453671220475,510.0000,426.0000,19.7183,86.7371
0-100,eil51,51,c_m40_x99,18139226453671220476,475.0000,426.0000,11.5023,72.8923
0-100,eil76,76,c_m40_x99,1816399365776652519,849.0000,538.0000,57.8067,109.2184
0-100,eil76,76,c_m40_x99,1816399365776652520,802.0000,538.0000,49.0706,90.6372
0-100,eil76,76,c_m40_x99,1816399365776652521,757.0000,538.0000,40.7063,137.7446
0-100,eil76,76,c_m40_x99,1816399365776652522,839.0000,538.0000,55.9480,108.2994
0-100,eil76,76,c_m40_x99,1816399365776652523,662.0000,538.0000,23.0483,120.5832
0-100,fri26,26,c_m40_x99,2986559684454950009,937.0000,937.0000,0.0000,70.5379
0-100,fri26,26,c_m40_x99,2986559684454950010,955.0000,937.0000,1.9210,65.2681
0-100,fri26,26,c_m40_x99,2986559684454950011,937.0000,937.0000,0.0000,66.8681
0-100,fri26,26,c_m40_x99,2986559684454950012,955.0000,937.0000,1.9210,56.6325
0-100,fri26,26,c_m40_x99,2986559684454950013,955.0000,937.0000,1.9210,45.7681
0-100,gr17,17,c_m40_x99,5402188682352455371,2085.0000,2085.0000,0.0000,58.4450
0-100,gr17,17,c_m40_x99,5402188682352455372,2103.0000,2085.0000,0.8633,48.8421
0-100,gr17,17,c_m40_x99,5402188682352455373,2085.0000,2085.0000,0.0000,53.5387
0-100,gr17,17,c_m40_x99,5402188682352455374,2103.0000,2085.0000,0.8633,44.3076
0-100,gr17,17,c_m40_x99,5402188682352455375,2085.0000,2085.0000,0.0000,68.1978
0-100,gr21,21,c_m40_x99,7709221493690861508,2707.0000,2707.0000,0.0000,73.3199
0-100,gr21,21,c_m40_x99,7709221493690861509,2707.0000,2707.0000,0.0000,50.1829
0-100,gr21,21,c_m40_x99,7709221493690861510,2707.0000,2707.0000,0.0000,50.7773
0-100,gr21,21,c_m40_x99,7709221493690861511,2707.0000,2707.0000,0.0000,67.1176
0-100,gr21,21,c_m40_x99,7709221493690861512,2801.0000,2707.0000,3.4725,72.7731
0-100,gr24,24,c_m40_x99,8354886091521688907,1356.0000,1272.0000,6.6038,62.2574
0-100,gr24,24,c_m40_x99,8354886091521688908,1304.0000,1272.0000,2.5157,47.7365
0-100,gr24,24,c_m40_x99,8354886091521688909,1356.0000,1272.0000,6.6038,90.5558
0-100,gr24,24,c_m40_x99,8354886091521688910,1289.0000,1272.0000,1.3365,63.2957
0-100,gr24,24,c_m40_x99,8354886091521688911,1289.0000,1272.0000,1.3365,66.1494
0-100,gr48,48,c_m40_x99,4114666853489879565,5307.0000,5046.0000,5.1724,68.9706
0-100,gr48,48,c_m40_x99,4114666853489879566,5376.0000,5046.0000,6.5398,88.4927
0-100,gr48,48,c_m40_x99,4114666853489879567,5382.0000,5046.0000,6.6587,97.3578
0-100,gr48,48,c_m40_x99,4114666853489879568,5258.0000,5046.0000,4.2013,80.9101
0-100,gr48,48,c_m40_x99,4114666853489879569,5857.0000,5046.0000,16.0721,70.8800
0-100,gr96,96,c_m40_x99,9378204440796598230,67478.0000,55209.0000,22.2228,120.8767
0-100,gr96,96,c_m40_x99,9378204440796598231,68184.0000,55209.0000,23.5016,125.1496
0-100,gr96,96,c_m40_x99,9378204440796598232,75515.0000,55209.0000,36.7802,137.0140
0-100,gr96,96,c_m40_x99,9378204440796598233,66312.0000,55209.0000,20.1109,103.9155
0-100,gr96,96,c_m40_x99,9378204440796598234,67025.0000,55209.0000,21.4023,119.1554
0-100,hk48,48,c_m40_x99,16621883050620188217,12320.0000,11461.0000,7.4950,88.3992
0-100,hk48,48,c_m40_x99,16621883050620188218,12568.0000,11461.0000,9.6588,93.8644
0-100,hk48,48,c_m40_x99,16621883050620188219,12040.0000,11461.0000,5.0519,102.8133
0-100,hk48,48,c_m40_x99,16621883050620188220,12230.0000,11461.0000,6.7097,87.1487
0-100,hk48,48,c_m40_x99,16621883050620188221,12460.0000,11461.0000,8.7165,78.2841
0-100,pr76,76,c_m40_x99,2089646857836739327,139802.0000,108159.0000,29.2560,99.0418
0-100,pr76,76,c_m40_x99,2089646857836739328,143853.0000,108159.0000,33.0014,98.7210
0-100,pr76,76,c_m40_x99,2089646857836739329,147995.0000,108159.0000,36.8310,116.4042
0-100,pr76,76,c_m40_x99,2089646857836739330,138385.0000,108159.0000,27.9459,94.3043
0-100,pr76,76,c_m40_x99,2089646857836739331,148344.0000,108159.0000,37.1536,123.1992
0-100,rat99,99,c_m40_x99,12608887505312158533,1656.0000,1211.0000,36.7465,109.9990
0-100,rat99,99,c_m40_x99,12608887505312158534,1683.0000,1211.0000,38.9761,130.8394
0-100,rat99,99,c_m40_x99,12608887505312158535,1625.0000,1211.0000,34.1866,121.8228
0-100,rat99,99,c_m40_x99,12608887505312158536,1581.0000,1211.0000,30.5533,117.2773
0-100,rat99,99,c_m40_x99,12608887505312158537,1776.0000,1211.0000,46.6557,103.0105
0-100,st70,70,c_m40_x99,15052433929823705816,958.0000,675.0000,41.9259,108.0302
0-100,st70,70,c_m40_x99,15052433929823705817,1012.0000,675.0000,49.9259,114.8922
0-100,st70,70,c_m40_x99,15052433929823705818,1031.0000,675.0000,52.7407,109.3498
0-100,st70,70,c_m40_x99,15052433929823705819,837.0000,675.0000,24.0000,101.6896
0-100,st70,70,c_m40_x99,15052433929823705820,887.0000,675.0000,31.4074,104.7103
0-100,swiss42,42,c_m40_x99,10618827985986638451,1446.0000,1273.0000,13.5899,86.7432
0-100,swiss42,42,c_m40_x99,10618827985986638452,1347.0000,1273.0000,5.8130,89.0839
0-100,swiss42,42,c_m40_x99,10618827985986638453,1389.0000,1273.0000,9.1123,85.4442
0-100,swiss42,42,c_m40_x99,10618827985986638454,1453.0000,1273.0000,14.1398,80.5047
0-100,swiss42,42,c_m40_x99,10618827985986638455,1374.0000,1273.0000,7.9340,73.4244
0-100,ulysses16,16,c_m40_x99,2475281285520521457,6859.0000,6859.0000,0.0000,49.7481
0-100,ulysses16,16,c_m40_x99,2475281285520521458,6895.0000,6859.0000,0.5249,58.7376
0-100,ulysses16,16,c_m40_x99,2475281285520521459,6859.0000,6859.0000,0.0000,60.4985
0-100,ulysses16,16,c_m40_x99,2475281285520521460,6939.0000,6859.0000,1.1664,46.2966
0-100,ulysses16,16,c_m40_x99,2475281285520521461,6870.0000,6859.0000,0.1604,58.6400
0-100,ulysses22,22,c_m40_x99,17510586544552513604,7120.0000,7013.0000,1.5257,65.0703
0-100,ulysses22,22,c_m40_x99,17510586544552513605,7087.0000,7013.0000,1.0552,90.3214
0-100,ulysses22,22,c_m40_x99,17510586544552513606,7087.0000,7013.0000,1.0552,57.2043
0-100,ulysses22,22,c_m40_x99,17510586544552513607,7092.0000,7013.0000,1.1265,60.0207
0-100,ulysses22,22,c_m40_x99,17510586544552513608,7087.0000,7013.0000,1.0552,44.2212
0-100,att48,48,c_m40_x99_e5,10260519931181913188,11282.0000,10628.0000,6.1536,77.7941
0-100,att48,48,c_m40_x99_e5,10260519931181913189,11196.0000,10628.0000,5.3444,96.7409
0-100,att48,48,c_m40_x99_e5,10260519931181913190,11696.0000,10628.0000,10.0489,86.2843
0-100,att48,48,c_m40_x99_e5,10260519931181913191,11837.0000,10628.0000,11.3756,84.9875
0-100,att48,48,c_m40_x99_e5,10260519931181913192,12179.0000,10628.0000,14.5935,73.9368
0-100,bayg29,29,c_m40_x99_e5,3870289985621860739,1663.0000,1610.0000,3.2919,53.0199
0-100,bayg29,29,c_m40_x99_e5,3870289985621860740,1661.0000,1610.0000,3.1677,80.1597
0-100,bayg29,29,c_m40_x99_e5,3870289985621860741,1663.0000,1610.0000,3.2919,92.7719
0-100,bayg29,29,c_m40_x99_e5,3870289985621860742,1646.0000,1610.0000,2.2360,59.3570
0-100,bayg29,29,c_m40_x99_e5,3870289985621860743,1699.0000,1610.0000,5.5280,75.6318
0-100,bays29,29,c_m40_x99_e5,15791678434594856063,2026.0000,2020.0000,0.2970,55.7047
0-100,bays29,29,c_m40_x99_e5,15791678434594856064,2122.0000,2020.0000,5.0495,101.0963
0-100,bays29,29,c_m40_x99_e5,15791678434594856065,2127.0000,2020.0000,5.2970,86.6847
0-100,bays29,29,c_m40_x99_e5,15791678434594856066,2225.0000,2020.0000,10.1485,69.5836
0-100,bays29,29,c_m40_x99_e5,15791678434594856067,2145.0000,2020.0000,6.1881,73.8535
0-100,berlin52,52,c_m40_x99_e5,7063972498192173318,8033.0000,7542.0000,6.5102,123.5382
0-100,berlin52,52,c_m40_x99_e5,7063972498192173319,8765.0000,7542.0000,16.2159,82.4516
0-100,berlin52,52,c_m40_x99_e5,7063972498192173320,8402.0000,7542.0000,11.4028,72.5168
0-100,berlin52,52,c_m40_x99_e5,7063972498192173321,8568.0000,7542.0000,13.6038,83.0398
0-100,berlin52,52,c_m40_x99_e5,7063972498192173322,8207.0000,7542.0000,8.8173,91.1517
0-100,brazil58,58,c_m40_x99_e5,8974244570262113402,26916.0000,25395.0000,5.9894,88.1280
0-100,brazil58,58,c_m40_x99_e5,8974244570262113403,29340.0000,25395.0000,15.5346,86.3321
0-100,brazil58,58,c_m40_x99_e5,8974244570262113404,27539.0000,25395.0000,8.4426,101.5093
0-100,brazil58,58,c_m40_x99_e5,8974244570262113405,30688.0000,25395.0000,20.8427,89.4415
0-100,brazil58,58,c_m40_x99_e5,8974244570262113406,28725.0000,25395.0000,13.1128,96.8432
0-100,burma14,14,c_m40_x99_e5,895652762296924749,3323.0000,3323.0000,0.0000,56.3219
0-100,burma14,14,c_m40_x99_e5,895652762296924750,3323.0000,3323.0000,0.0000,49.8117
0-100,burma14,14,c_m40_x99_e5,895652762296924751,3323.0000,3323.0000,0.0000,77.5908
0-100,burma14,14,c_m40_x99_e5,895652762296924752,3323.0000,3323.0000,0.0000,63.1492
0-100,burma14,14,c_m40_x99_e5,895652762296924753,3323.0000,3323.0000,0.0000,60.7513
0-100,dantzig42,42,c_m40_x99_e5,3331156779295689914,699.0000,699.0000,0.0000,81.5304
0-100,dantzig42,42,c_m40_x99_e5,3331156779295689915,699.0000,699.0000,0.0000,74.6449
0-100,dantzig42,42,c_m40_x99_e5,3331156779295689916,699.0000,699.0000,0.0000,85.2648
0-100,dantzig42,42,c_m40_x99_e5,3331156779295689917,699.0000,699.0000,0.0000,83.0728
0-100,dantzig42,42,c_m40_x99_e5,3331156779295689918,699.0000,699.0000,0.0000,76.5347
0-100,eil51,51,c_m40_x99_e5,11468054862362736839,470.0000,426.0000,10.3286,48.2565
0-100,eil51,51,c_m40_x99_e5,11468054862362736840,479.0000,426.0000,12.4413,74.6233
0-100,eil51,51,c_m40_x99_e5,11468054862362736841,464.0000,426.0000,8.9202,78.6209
0-100,eil51,51,c_m40_x99_e5,11468054862362736842,479.0000,426.0000,12.4413,79.1689
0-100,eil51,51,c_m40_x99_e5,11468054862362736843,502.0000,426.0000,17.8404,77.1468
0-100,eil76,76,c_m40_x99_e5,13591971848177720502,707.0000,538.0000,31.4126,87.6072
0-100,eil76,76,c_m40_x99_e5,13591971848177720503,638.0000,538.0000,18.5874,92.0804
0-100,eil76,76,c_m40_x99_e5,13591971848177720504,678.0000,538.0000,26.0223,101.7580
0-100,eil76,76,c_m40_x99_e5,13591971848177720505,643.0000,538.0000,19.5167,90.8685
0-100,eil76,76,c_m40_x99_e5,13591971848177720506,651.0000,538.0000,21.0037,91.1246
0-100,fri26,26,c_m40_x99_e5,14762132166856017992,937.0000,937.0000,0.0000,60.2727
0-100,fri26,26,c_m40_x99_e5,14762132166856017993,937.0000,937.0000,0.0000,60.5984
0-100,fri26,26,c_m40_x99_e5,14762132166856017994,955.0000,937.0000,1.9210,57.4079
0-100,fri26,26,c_m40_x99_e5,14762132166856017995,955.0000,937.0000,1.9210,51.9122
0-100,fri26,26,c_m40_x99_e5,14762132166856017996,955.0000,937.0000,1.9210,55.8174
0-100,gr17,17,c_m40_x99_e5,4083930146057077904,2103.0000,2085.0000,0.8633,62.3317
0-100,gr17,17,c_m40_x99_e5,4083930146057077905,2103.0000,2085.0000,0.8633,33.8786
0-100,gr17,17,c_m40_x99_e5,4083930146057077906,2085.0000,2085.0000,0.0000,58.6895
0-100,gr17,17,c_m40_x99_e5,4083930146057077907,2090.0000,2085.0000,0.2398,81.5254
0-100,gr17,17,c_m40_x99_e5,4083930146057077908,2090.0000,2085.0000,0.2398,57.3664
0-100,gr21,21,c_m40_x99_e5,6390962957395484041,2707.0000,2707.0000,0.0000,54.0008
0-100,gr21,21,c_m40_x99_e5,6390962957395484042,2707.0000,2707.0000,0.0000,61.3934
0-100,gr21,21,c_m40_x99_e5,6390962957395484043,2707.0000,2707.0000,0.0000,61.8713
0-100,gr21,21,c_m40_x99_e5,6390962957395484044,2707.0000,2707.0000,0.0000,47.7856
0-100,gr21,21,c_m40_x99_e5,6390962957395484045,2707.0000,2707.0000,0.0000,38.3348
0-100,gr24,24,c_m40_x99_e5,7036627555226311440,1289.0000,1272.0000,1.3365,47.2299
0-100,gr24,24,c_m40_x99_e5,7036627555226311441,1407.0000,1272.0000,10.6132,48.1543
0-100,gr24,24,c_m40_x99_e5,7036627555226311442,1445.0000,1272.0000,13.6006,52.8010
0-100,gr24,24,c_m40_x99_e5,7036627555226311443,1408.0000,1272.0000,10.6918,49.7718
0-100,gr24,24,c_m40_x99_e5,7036627555226311444,1286.0000,1272.0000,1.1006,42.9127
0-100,gr48,48,c_m40_x99_e5,2796408317194502098,5484.0000,5046.0000,8.6801,56.4798
0-100,gr48,48,c_m40_x99_e5,2796408317194502099,5532.0000,5046.0000,9.6314,66.7315
0-100,gr48,48,c_m40_x99_e5,2796408317194502100,5602.0000,5046.0000,11.0186,64.7367
0-100,gr48,48,c_m40_x99_e5,2796408317194502101,5389.0000,5046.0000,6.7975,63.1631
0-100,gr48,48,c_m40_x99_e5,2796408317194502102,5621.0000,5046.0000,11.3952,65.6978
0-100,gr96,96,c_m40_x99_e5,8059945904501220763,65707.0000,55209.0000,19.0150,90.7371
0-100,gr96,96,c_m40_x99_e5,8059945904501220764,62157.0000,55209.0000,12.5849,110.7642
0-100,gr96,96,c_m40_x99_e5,8059945904501220765,64701.0000,55209.0000,17.1928,96.5345
0-100,gr96,96,c_m40_x99_e5,8059945904501220766,65388.0000,55209.0000,18.4372,102.8782
0-100,gr96,96,c_m40_x99_e5,8059945904501220767,66153.0000,55209.0000,19.8229,105.7935
0-100,hk48,48,c_m40_x99_e5,15303624514324810750,12249.0000,11461.0000,6.8755,67.5242
0-100,hk48,48,c_m40_x99_e5,15303624514324810751,12197.0000,11461.0000,6.4218,76.5349
0-100,hk48,48,c_m40_x99_e5,15303624514324810752,12677.0000,11461.0000,10.6099,61.3069
0-100,hk48,48,c_m40_x99_e5,15303624514324810753,12367.0000,11461.0000,7.9051,76.9373
0-100,hk48,48,c_m40_x99_e5,15303624514324810754,12085.0000,11461.0000,5.4446,74.5027
0-100,pr76,76,c_m40_x99_e5,771388321541361860,134716.0000,108159.0000,24.5537,74.4132
0-100,pr76,76,c_m40_x99_e5,771388321541361861,140451.0000,108159.0000,29.8560,70.2134
0-100,pr76,76,c_m40_x99_e5,771388321541361862,137717.0000,108159.0000,27.3283,61.0347
0-100,pr76,76,c_m40_x99_e5,771388321541361863,137277.0000,108159.0000,26.9215,105.3931
0-100,pr76,76,c_m40_x99_e5,771388321541361864,139959.0000,108159.0000,29.4012,79.1228
0-100,rat99,99,c_m40_x99_e5,5937715914003674900,1489.0000,1211.0000,22.9562,89.7355
0-100,rat99,99,c_m40_x99_e5,5937715914003674901,1529.0000,1211.0000,26.2593,139.7208
0-100,rat99,99,c_m40_x99_e5,5937715914003674902,1611.0000,1211.0000,33.0306,101.1714
0-100,rat99,99,c_m40_x99_e5,5937715914003674903,1487.0000,1211.0000,22.7911,123.1895
0-100,rat99,99,c_m40_x99_e5,5937715914003674904,1546.0000,1211.0000,27.6631,111.2237
0-100,st70,70,c_m40_x99_e5,13734175393528328349,808.0000,675.0000,19.7037,79.0994
0-100,st70,70,c_m40_x99_e5,13734175393528328350,787.0000,675.0000,16.5926,85.1352
0-100,st70,70,c_m40_x99_e5,13734175393528328351,785.0000,675.0000,16.2963,80.7916
0-100,st70,70,c_m40_x99_e5,13734175393528328352,738.0000,675.0000,9.3333,77.8985
0-100,st70,70,c_m40_x99_e5,13734175393528328353,874.0000,675.0000,29.4815,76.1009
0-100,swiss42,42,c_m40_x99_e5,7136870982576341434,1431.0000,1273.0000,12.4116,63.9978
0-100,swiss42,42,c_m40_x99_e5,7136870982576341435,1324.0000,1273.0000,4.0063,70.5488
0-100,swiss42,42,c_m40_x99_e5,7136870982576341436,1441.0000,1273.0000,13.1972,49.5308
0-100,swiss42,42,c_m40_x99_e5,7136870982576341437,1482.0000,1273.0000,16.4179,67.3642
0-100,swiss42,42,c_m40_x99_e5,7136870982576341438,1451.0000,1273.0000,13.9827,93.1839
0-100,ulysses16,16,c_m40_x99_e5,16061944580360648560,6895.0000,6859.0000,0.5249,45.5196
0-100,ulysses16,16,c_m40_x99_e5,16061944580360648561,6895.0000,6859.0000,0.5249,39.0698
0-100,ulysses16,16,c_m40_x99_e5,16061944580360648562,6859.0000,6859.0000,0.0000,37.4271
0-100,ulysses16,16,c_m40_x99_e5,16061944580360648563,6895.0000,6859.0000,0.5249,40.5167
0-100,ulysses16,16,c_m40_x99_e5,16061944580360648564,6859.0000,6859.0000,0.0000,40.2115
0-100,ulysses22,22,c_m40_x99_e5,12650505765683089091,7013.0000,7013.0000,0.0000,43.1733
0-100,ulysses22,22,c_m40_x99_e5,12650505765683089092,7013.0000,7013.0000,0.0000,51.0908
0-100,ulysses22,22,c_m40_x99_e5,12650505765683089093,7087.0000,7013.0000,1.0552,41.3963
0-100,ulysses22,22,c_m40_x99_e5,12650505765683089094,7013.0000,7013.0000,0.0000,71.0952
0-100,ulysses22,22,c_m40_x99_e5,12650505765683089095,7114.0000,7013.0000,1.4402,58.4556
0-100,att48,48,big_200x900_m40_x99,2374895011081794356,11780.0000,10628.0000,10.8393,198.4244
0-100,att48,48,big_200x900_m40_x99,2374895011081794357,12242.0000,10628.0000,15.1863,158.5480
0-100,att48,48,big_200x900_m40_x99,2374895011081794358,11732.0000,10628.0000,10.3877,148.5271
0-100,att48,48,big_200x900_m40_x99,2374895011081794359,11005.0000,10628.0000,3.5472,183.4860
0-100,att48,48,big_200x900_m40_x99,2374895011081794360,11383.0000,10628.0000,7.1039,107.0357
0-100,bayg29,29,big_200x900_m40_x99,3871093580241184243,1626.0000,1610.0000,0.9938,58.6759
0-100,bayg29,29,big_200x900_m40_x99,3871093580241184244,1646.0000,1610.0000,2.2360,57.3346
0-100,bayg29,29,big_200x900_m40_x99,3871093580241184245,1688.0000,1610.0000,4.8447,58.2843
0-100,bayg29,29,big_200x900_m40_x99,3871093580241184246,1720.0000,1610.0000,6.8323,61.9500
0-100,bayg29,29,big_200x900_m40_x99,3871093580241184247,1610.0000,1610.0000,0.0000,60.9253
0-100,bays29,29,big_200x900_m40_x99,15792482029214179567,2033.0000,2020.0000,0.6436,60.0606
0-100,bays29,29,big_200x900_m40_x99,15792482029214179568,2034.0000,2020.0000,0.6931,57.4632
0-100,bays29,29,big_200x900_m40_x99,15792482029214179569,2107.0000,2020.0000,4.3069,57.4655
0-100,bays29,29,big_200x900_m40_x99,15792482029214179570,2050.0000,2020.0000,1.4851,60.1698
0-100,bays29,29,big_200x900_m40_x99,15792482029214179571,2020.0000,2020.0000,0.0000,57.4303
0-100,berlin52,52,big_200x900_m40_x99,2407715686693273846,8546.0000,7542.0000,13.3121,93.1859
0-100,berlin52,52,big_200x900_m40_x99,2407715686693273847,8894.0000,7542.0000,17.9263,96.4790
0-100,berlin52,52,big_200x900_m40_x99,2407715686693273848,8917.0000,7542.0000,18.2312,96.6063
0-100,berlin52,52,big_200x900_m40_x99,2407715686693273849,9388.0000,7542.0000,24.4763,92.2390
0-100,berlin52,52,big_200x900_m40_x99,2407715686693273850,8813.0000,7542.0000,16.8523,91.2869
0-100,brazil58,58,big_200x900_m40_x99,4317987758763213930,29310.0000,25395.0000,15.4164,103.1458
0-100,brazil58,58,big_200x900_m40_x99,4317987758763213931,30307.0000,25395.0000,19.3424,116.1255
0-100,brazil58,58,big_200x900_m40_x99,4317987758763213932,33187.0000,25395.0000,30.6832,104.2394
0-100,brazil58,58,big_200x900_m40_x99,4317987758763213933,32526.0000,25395.0000,28.0803,105.9240
0-100,brazil58,58,big_200x900_m40_x99,4317987758763213934,29086.0000,25395.0000,14.5344,107.1564
0-100,burma14,14,big_200x900_m40_x99,1000923657428303773,3323.0000,3323.0000,0.0000,40.4028
0-100,burma14,14,big_200x900_m40_x99,1000923657428303774,3323.0000,3323.0000,0.0000,36.1440
0-100,burma14,14,big_200x900_m40_x99,1000923657428303775,3323.0000,3323.0000,0.0000,36.8739
0-100,burma14,14,big_200x900_m40_x99,1000923657428303776,3323.0000,3323.0000,0.0000,40.0071
0-100,burma14,14,big_200x900_m40_x99,1000923657428303777,3323.0000,3323.0000,0.0000,39.5584
0-100,dantzig42,42,big_200x900_m40_x99,2104068905355062410,699.0000,699.0000,0.0000,76.4592
0-100,dantzig42,42,big_200x900_m40_x99,2104068905355062411,699.0000,699.0000,0.0000,73.7987
0-100,dantzig42,42,big_200x900_m40_x99,2104068905355062412,699.0000,699.0000,0.0000,74.1730
0-100,dantzig42,42,big_200x900_m40_x99,2104068905355062413,699.0000,699.0000,0.0000,74.7449
0-100,dantzig42,42,big_200x900_m40_x99,2104068905355062414,699.0000,699.0000,0.0000,77.6316
0-100,eil51,51,big_200x900_m40_x99,3582429942262618007,489.0000,426.0000,14.7887,92.3572
0-100,eil51,51,big_200x900_m40_x99,3582429942262618008,495.0000,426.0000,16.1972,91.7209
0-100,eil51,51,big_200x900_m40_x99,3582429942262618009,485.0000,426.0000,13.8498,91.5175
0-100,eil51,51,big_200x900_m40_x99,3582429942262618010,488.0000,426.0000,14.5540,89.5209
0-100,eil51,51,big_200x900_m40_x99,3582429942262618011,488.0000,426.0000,14.5540,91.0459
0-100,eil76,76,big_200x900_m40_x99,5706346928077601670,774.0000,538.0000,43.8662,118.5794
0-100,eil76,76,big_200x900_m40_x99,5706346928077601671,775.0000,538.0000,44.0520,125.2942
0-100,eil76,76,big_200x900_m40_x99,5706346928077601672,791.0000,538.0000,47.0260,119.3970
0-100,eil76,76,big_200x900_m40_x99,5706346928077601673,749.0000,538.0000,39.2193,119.2930
0-100,eil76,76,big_200x900_m40_x99,5706346928077601674,809.0000,538.0000,50.3717,118.8466
0-100,fri26,26,big_200x900_m40_x99,6876507246755899160,937.0000,937.0000,0.0000,53.8963
0-100,fri26,26,big_200x900_m40_x99,6876507246755899161,937.0000,937.0000,0.0000,50.9316
0-100,fri26,26,big_200x900_m40_x99,6876507246755899162,937.0000,937.0000,0.0000,50.9684
0-100,fri26,26,big_200x900_m40_x99,6876507246755899163,937.0000,937.0000,0.0000,50.0567
0-100,fri26,26,big_200x900_m40_x99,6876507246755899164,955.0000,937.0000,1.9210,53.3464
0-100,gr17,17,big_200x900_m40_x99,13035884312448766336,2085.0000,2085.0000,0.0000,39.4679
0-100,gr17,17,big_200x900_m40_x99,13035884312448766337,2103.0000,2085.0000,0.8633,42.9733
0-100,gr17,17,big_200x900_m40_x99,13035884312448766338,2103.0000,2085.0000,0.8633,49.6001
0-100,gr17,17,big_200x900_m40_x99,13035884312448766339,2103.0000,2085.0000,0.8633,47.6258
0-100,gr17,17,big_200x900_m40_x99,13035884312448766340,2103.0000,2085.0000,0.8633,47.9552
0-100,gr21,21,big_200x900_m40_x99,15342917123787172473,2707.0000,2707.0000,0.0000,46.5820
0-100,gr21,21,big_200x900_m40_x99,15342917123787172474,2707.0000,2707.0000,0.0000,46.2526
0-100,gr21,21,big_200x900_m40_x99,15342917123787172475,2707.0000,2707.0000,0.0000,47.1106
0-100,gr21,21,big_200x900_m40_x99,15342917123787172476,2707.0000,2707.0000,0.0000,47.8686
0-100,gr21,21,big_200x900_m40_x99,15342917123787172477,2998.0000,2707.0000,10.7499,46.9601
0-100,gr24,24,big_200x900_m40_x99,15988581721617999872,1323.0000,1272.0000,4.0094,53.4808
0-100,gr24,24,big_200x900_m40_x99,15988581721617999873,1289.0000,1272.0000,1.3365,51.5090
0-100,gr24,24,big_200x900_m40_x99,15988581721617999874,1346.0000,1272.0000,5.8176,50.4480
0-100,gr24,24,big_200x900_m40_x99,15988581721617999875,1340.0000,1272.0000,5.3459,49.7903
0-100,gr24,24,big_200x900_m40_x99,15988581721617999876,1304.0000,1272.0000,2.5157,50.7365
0-100,gr48,48,big_200x900_m40_x99,11748362483586190530,5782.0000,5046.0000,14.5858,93.4868
0-100,gr48,48,big_200x900_m40_x99,11748362483586190531,5474.0000,5046.0000,8.4820,88.7501
0-100,gr48,48,big_200x900_m40_x99,11748362483586190532,5589.0000,5046.0000,10.7610,87.6021
0-100,gr48,48,big_200x900_m40_x99,11748362483586190533,5787.0000,5046.0000,14.6849,88.7289
0-100,gr48,48,big_200x900_m40_x99,11748362483586190534,5649.0000,5046.0000,11.9501,88.6504
0-100,gr96,96,big_200x900_m40_x99,17011900070892909195,76311.0000,55209.0000,38.2220,147.9735
0-100,gr96,96,big_200x900_m40_x99,17011900070892909196,72262.0000,55209.0000,30.8881,141.9035
0-100,gr96,96,big_200x900_m40_x99,17011900070892909197,75068.0000,55209.0000,35.9706,143.5146
0-100,gr96,96,big_200x900_m40_x99,17011900070892909198,76427.0000,55209.0000,38.4321,153.2904
0-100,gr96,96,big_200x900_m40_x99,17011900070892909199,71119.0000,55209.0000,28.8178,147.0678
0-100,hk48,48,big_200x900_m40_x99,5808834607006947566,12197.0000,11461.0000,6.4218,86.9726
0-100,hk48,48,big_200x900_m40_x99,5808834607006947567,12787.0000,11461.0000,11.5697,89.9244
0-100,hk48,48,big_200x900_m40_x99,5808834607006947568,13118.0000,11461.0000,14.4577,88.6874
0-100,hk48,48,big_200x900_m40_x99,5808834607006947569,12339.0000,11461.0000,7.6608,86.5409
0-100,hk48,48,big_200x900_m40_x99,5808834607006947570,12881.0000,11461.0000,12.3898,85.8602
0-100,pr76,76,big_200x900_m40_x99,9723342487933050292,148250.0000,108159.0000,37.0667,117.2573
0-100,pr76,76,big_200x900_m40_x99,9723342487933050293,141127.0000,108159.0000,30.4811,117.3904
0-100,pr76,76,big_200x900_m40_x99,9723342487933050294,148233.0000,108159.0000,37.0510,118.4262
0-100,pr76,76,big_200x900_m40_x99,9723342487933050295,143569.0000,108159.0000,32.7388,117.0562
0-100,pr76,76,big_200x900_m40_x99,9723342487933050296,138181.0000,108159.0000,27.7573,113.3283
0-100,rat99,99,big_200x900_m40_x99,16498835067613107684,1731.0000,1211.0000,42.9397,140.0819
0-100,rat99,99,big_200x900_m40_x99,16498835067613107685,1803.0000,1211.0000,48.8852,146.8573
0-100,rat99,99,big_200x900_m40_x99,16498835067613107686,1827.0000,1211.0000,50.8671,142.8449
0-100,rat99,99,big_200x900_m40_x99,16498835067613107687,1722.0000,1211.0000,42.1965,142.3055
0-100,rat99,99,big_200x900_m40_x99,16498835067613107688,1705.0000,1211.0000,40.7927,145.0449
0-100,st70,70,big_200x900_m40_x99,4239385486210465165,918.0000,675.0000,36.0000,114.8090
0-100,st70,70,big_200x900_m40_x99,4239385486210465166,953.0000,675.0000,41.1852,117.9985
0-100,st70,70,big_200x900_m40_x99,4239385486210465167,988.0000,675.0000,46.3704,112.5301
0-100,st70,70,big_200x900_m40_x99,4239385486210465168,994.0000,675.0000,47.2593,113.2112
0-100,st70,70,big_200x900_m40_x99,4239385486210465169,916.0000,675.0000,35.7037,111.2466
0-100,swiss42,42,big_200x900_m40_x99,7242141877707720458,1554.0000,1273.0000,22.0738,84.9361
0-100,swiss42,42,big_200x900_m40_x99,7242141877707720459,1332.0000,1273.0000,4.6347,78.7562
0-100,swiss42,42,big_200x900_m40_x99,7242141877707720460,1331.0000,1273.0000,4.5562,78.9001
0-100,swiss42,42,big_200x900_m40_x99,7242141877707720461,1410.0000,1273.0000,10.7620,79.6762
0-100,swiss42,42,big_200x900_m40_x99,7242141877707720462,1315.0000,1273.0000,3.2993,77.0031
0-100,ulysses16,16,big_200x900_m40_x99,14834856706420021056,6870.0000,6859.0000,0.1604,41.5365
0-100,ulysses16,16,big_200x900_m40_x99,14834856706420021057,6895.0000,6859.0000,0.5249,45.6851
0-100,ulysses16,16,big_200x900_m40_x99,14834856706420021058,6859.0000,6859.0000,0.0000,41.8078
0-100,ulysses16,16,big_200x900_m40_x99,14834856706420021059,6859.0000,6859.0000,0.0000,42.2832
0-100,ulysses16,16,big_200x900_m40_x99,14834856706420021060,6875.0000,6859.0000,0.2333,41.5825
0-100,ulysses22,22,big_200x900_m40_x99,11423417891742461587,7410.0000,7013.0000,5.6609,48.1726
0-100,ulysses22,22,big_200x900_m40_x99,11423417891742461588,7087.0000,7013.0000,1.0552,47.9929
0-100,ulysses22,22,big_200x900_m40_x99,11423417891742461589,7013.0000,7013.0000,0.0000,47.6442
0-100,ulysses22,22,big_200x900_m40_x99,11423417891742461590,7092.0000,7013.0000,1.1265,46.8686
0-100,ulysses22,22,big_200x900_m40_x99,11423417891742461591,7087.0000,7013.0000,1.0552,48.6455
0-100,att48,48,big_200x900_m40_x99_e5,10636497515672894889,10894.0000,10628.0000,2.5028,79.9155
0-100,att48,48,big_200x900_m40_x99_e5,10636497515672894890,11402.0000,10628.0000,7.2826,79.6738
0-100,att48,48,big_200x900_m40_x99_e5,10636497515672894891,11384.0000,10628.0000,7.1133,76.6338
0-100,att48,48,big_200x900_m40_x99_e5,10636497515672894892,11049.0000,10628.0000,3.9612,75.9342
0-100,att48,48,big_200x900_m40_x99_e5,10636497515672894893,11084.0000,10628.0000,4.2906,77.4837
0-100,bayg29,29,big_200x900_m40_x99_e5,16229865406521360338,1610.0000,1610.0000,0.0000,53.7869
0-100,bayg29,29,big_200x900_m40_x99_e5,16229865406521360339,1673.0000,1610.0000,3.9130,55.3743
0-100,bayg29,29,big_200x900_m40_x99_e5,16229865406521360340,1610.0000,1610.0000,0.0000,56.4260
0-100,bayg29,29,big_200x900_m40_x99_e5,16229865406521360341,1748.0000,1610.0000,8.5714,57.0715
0-100,bayg29,29,big_200x900_m40_x99_e5,16229865406521360342,1663.0000,1610.0000,3.2919,55.8553
0-100,bays29,29,big_200x900_m40_x99_e5,9704509781784804046,2080.0000,2020.0000,2.9703,56.2674
0-100,bays29,29,big_200x900_m40_x99_e5,9704509781784804047,2066.0000,2020.0000,2.2772,54.5241
0-100,bays29,29,big_200x900_m40_x99_e5,9704509781784804048,2034.0000,2020.0000,0.6931,54.7789
0-100,bays29,29,big_200x900_m40_x99_e5,9704509781784804049,2050.0000,2020.0000,1.4851,54.4703
0-100,bays29,29,big_200x900_m40_x99_e5,9704509781784804050,2127.0000,2020.0000,5.2970,54.6897
0-100,berlin52,52,big_200x900_m40_x99_e5,9074411042080310989,8200.0000,7542.0000,8.7245,82.3539
0-100,berlin52,52,big_200x900_m40_x99_e5,9074411042080310990,8261.0000,7542.0000,9.5333,83.9862
0-100,berlin52,52,big_200x900_m40_x99_e5,9074411042080310991,8145.0000,7542.0000,7.9952,84.8964
0-100,berlin52,52,big_200x900_m40_x99_e5,9074411042080310992,7979.0000,7542.0000,5.7942,82.4806
0-100,berlin52,52,big_200x900_m40_x99_e5,9074411042080310993,8459.0000,7542.0000,12.1586,83.6181
0-100,brazil58,58,big_200x900_m40_x99_e5,10984683114150251073,27625.0000,25395.0000,8.7813,89.6282
0-100,brazil58,58,big_200x900_m40_x99_e5,10984683114150251074,28198.0000,25395.0000,11.0376,92.3222
0-100,brazil58,58,big_200x900_m40_x99_e5,10984683114150251075,27370.0000,25395.0000,7.7771,91.0347
0-100,brazil58,58,big_200x900_m40_x99_e5,10984683114150251076,26219.0000,25395.0000,3.2447,90.8379
0-100,brazil58,58,big_200x900_m40_x99_e5,10984683114150251077,28329.0000,25395.0000,11.5535,91.2829
0-100,burma14,14,big_200x900_m40_x99_e5,15133298487400381626,3323.0000,3323.0000,0.0000,35.6942
0-100,burma14,14,big_200x900_m40_x99_e5,15133298487400381627,3323.0000,3323.0000,0.0000,36.7800
0-100,burma14,14,big_200x900_m40_x99_e5,15133298487400381628,3323.0000,3323.0000,0.0000,35.6471
0-100,burma14,14,big_200x900_m40_x99_e5,15133298487400381629,3323.0000,3323.0000,0.0000,35.7709
0-100,burma14,14,big_200x900_m40_x99_e5,15133298487400381630,3323.0000,3323.0000,0.0000,36.1475
0-100,dantzig42,42,big_200x900_m40_x99_e5,8444188996708002191,699.0000,699.0000,0.0000,69.1305
0-100,dantzig42,42,big_200x900_m40_x99_e5,8444188996708002192,699.0000,699.0000,0.0000,69.7414
0-100,dantzig42,42,big_200x900_m40_x99_e5,8444188996708002193,699.0000,699.0000,0.0000,68.5679
0-100,dantzig42,42,big_200x900_m40_x99_e5,8444188996708002194,699.0000,699.0000,0.0000,68.7092
0-100,dantzig42,42,big_200x900_m40_x99_e5,8444188996708002195,699.0000,699.0000,0.0000,68.0145
0-100,eil51,51,big_200x900_m40_x99_e5,11844032446853718540,460.0000,426.0000,7.9812,82.0699
0-100,eil51,51,big_200x900_m40_x99_e5,11844032446853718541,453.0000,426.0000,6.3380,81.4573
0-100,eil51,51,big_200x900_m40_x99_e5,11844032446853718542,475.0000,426.0000,11.5023,81.5015
0-100,eil51,51,big_200x900_m40_x99_e5,11844032446853718543,466.0000,426.0000,9.3897,79.4061
0-100,eil51,51,big_200x900_m40_x99_e5,11844032446853718544,481.0000,426.0000,12.9108,80.5183
0-100,eil76,76,big_200x900_m40_x99_e5,13967949432668702203,605.0000,538.0000,12.4535,109.5906
0-100,eil76,76,big_200x900_m40_x99_e5,13967949432668702204,607.0000,538.0000,12.8253,107.1638
0-100,eil76,76,big_200x900_m40_x99_e5,13967949432668702205,608.0000,538.0000,13.0112,107.7265
0-100,eil76,76,big_200x900_m40_x99_e5,13967949432668702206,677.0000,538.0000,25.8364,110.6830
0-100,eil76,76,big_200x900_m40_x99_e5,13967949432668702207,606.0000,538.0000,12.6394,107.4476
0-100,fri26,26,big_200x900_m40_x99_e5,15138109751346999693,955.0000,937.0000,1.9210,48.3742
0-100,fri26,26,big_200x900_m40_x99_e5,15138109751346999694,955.0000,937.0000,1.9210,48.2993
0-100,fri26,26,big_200x900_m40_x99_e5,15138109751346999695,955.0000,937.0000,1.9210,48.3134
0-100,fri26,26,big_200x900_m40_x99_e5,15138109751346999696,955.0000,937.0000,1.9210,49.3119
0-100,fri26,26,big_200x900_m40_x99_e5,15138109751346999697,955.0000,937.0000,1.9210,49.3860
0-100,gr17,17,big_200x900_m40_x99_e5,707244037778159911,2085.0000,2085.0000,0.0000,38.4889
0-100,gr17,17,big_200x900_m40_x99_e5,707244037778159912,2090.0000,2085.0000,0.2398,40.4493
0-100,gr17,17,big_200x900_m40_x99_e5,707244037778159913,2103.0000,2085.0000,0.8633,40.0349
0-100,gr17,17,big_200x900_m40_x99_e5,707244037778159914,2085.0000,2085.0000,0.0000,38.4685
0-100,gr17,17,big_200x900_m40_x99_e5,707244037778159915,2085.0000,2085.0000,0.0000,38.4911
0-100,gr21,21,big_200x900_m40_x99_e5,3014276849116566048,2707.0000,2707.0000,0.0000,44.0008
0-100,gr21,21,big_200x900_m40_x99_e5,3014276849116566049,2707.0000,2707.0000,0.0000,43.2312
0-100,gr21,21,big_200x900_m40_x99_e5,3014276849116566050,2707.0000,2707.0000,0.0000,43.8032
0-100,gr21,21,big_200x900_m40_x99_e5,3014276849116566051,2707.0000,2707.0000,0.0000,43.8183
0-100,gr21,21,big_200x900_m40_x99_e5,3014276849116566052,2707.0000,2707.0000,0.0000,43.7496
0-100,gr24,24,big_200x900_m40_x99_e5,3659941446947393447,1289.0000,1272.0000,1.3365,48.3486
0-100,gr24,24,big_200x900_m40_x99_e5,3659941446947393448,1356.0000,1272.0000,6.6038,47.4990
0-100,gr24,24,big_200x900_m40_x99_e5,3659941446947393449,1352.0000,1272.0000,6.2893,47.0668
0-100,gr24,24,big_200x900_m40_x99_e5,3659941446947393450,1329.0000,1272.0000,4.4811,47.5634
0-100,gr24,24,big_200x900_m40_x99_e5,3659941446947393451,1323.0000,1272.0000,4.0094,46.6095
0-100,gr48,48,big_200x900_m40_x99_e5,17866466282625135721,5230.0000,5046.0000,3.6465,78.6006
0-100,gr48,48,big_200x900_m40_x99_e5,17866466282625135722,5577.0000,5046.0000,10.5232,78.1953
0-100,gr48,48,big_200x900_m40_x99_e5,17866466282625135723,5423.0000,5046.0000,7.4713,77.2144
0-100,gr48,48,big_200x900_m40_x99_e5,17866466282625135724,5200.0000,5046.0000,3.0519,77.8780
0-100,gr48,48,big_200x900_m40_x99_e5,17866466282625135725,5548.0000,5046.0000,9.9485,77.9308
0-100,gr96,96,big_200x900_m40_x99_e5,4683259796222302770,61306.0000,55209.0000,11.0435,130.8599
0-100,gr96,96,big_200x900_m40_x99_e5,4683259796222302771,62348.0000,55209.0000,12.9309,132.9799
0-100,gr96,96,big_200x900_m40_x99_e5,4683259796222302772,62461.0000,55209.0000,13.1355,150.8883
0-100,gr96,96,big_200x900_m40_x99_e5,4683259796222302773,64959.0000,55209.0000,17.6602,127.5282
0-100,gr96,96,big_200x900_m40_x99_e5,4683259796222302774,60273.0000,55209.0000,9.1724,124.9610
0-100,hk48,48,big_200x900_m40_x99_e5,11926938406045892757,12366.0000,11461.0000,7.8963,78.3884
0-100,hk48,48,big_200x900_m40_x99_e5,11926938406045892758,12356.0000,11461.0000,7.8091,95.7809
0-100,hk48,48,big_200x900_m40_x99_e5,11926938406045892759,12262.0000,11461.0000,6.9889,77.3916
0-100,hk48,48,big_200x900_m40_x99_e5,11926938406045892760,12110.0000,11461.0000,5.6627,78.2736
0-100,hk48,48,big_200x900_m40_x99_e5,11926938406045892761,12386.0000,11461.0000,8.0708,79.0697
0-100,pr76,76,big_200x900_m40_x99_e5,15841446286971995483,136243.0000,108159.0000,25.9655,104.6666
0-100,pr76,76,big_200x900_m40_x99_e5,15841446286971995484,137210.0000,108159.0000,26.8595,106.1669
0-100,pr76,76,big_200x900_m40_x99_e5,15841446286971995485,133148.0000,108159.0000,23.1039,105.9773
0-100,pr76,76,big_200x900_m40_x99_e5,15841446286971995486,129100.0000,108159.0000,19.3613,106.3614
0-100,pr76,76,big_200x900_m40_x99_e5,15841446286971995487,132150.0000,108159.0000,22.1812,105.2023
0-100,rat99,99,big_200x900_m40_x99_e5,6313693498494656601,1411.0000,1211.0000,16.5153,129.3727
0-100,rat99,99,big_200x900_m40_x99_e5,6313693498494656602,1408.0000,1211.0000,16.2675,131.3267
0-100,rat99,99,big_200x900_m40_x99_e5,6313693498494656603,1451.0000,1211.0000,19.8183,129.7625
0-100,rat99,99,big_200x900_m40_x99_e5,6313693498494656604,1435.0000,1211.0000,18.4971,130.0934
0-100,rat99,99,big_200x900_m40_x99_e5,6313693498494656605,1392.0000,1211.0000,14.9463,130.2630
0-100,st70,70,big_200x900_m40_x99_e5,10357489285249410356,757.0000,675.0000,12.1481,103.2684
0-100,st70,70,big_200x900_m40_x99_e5,10357489285249410357,806.0000,675.0000,19.4074,103.8989
0-100,st70,70,big_200x900_m40_x99_e5,10357489285249410358,749.0000,675.0000,10.9630,103.7360
0-100,st70,70,big_200x900_m40_x99_e5,10357489285249410359,737.0000,675.0000,9.1852,101.1456
0-100,st70,70,big_200x900_m40_x99_e5,10357489285249410360,755.0000,675.0000,11.8519,102.0841
0-100,swiss42,42,big_200x900_m40_x99_e5,2927772633970246695,1349.0000,1273.0000,5.9701,69.9455
0-100,swiss42,42,big_200x900_m40_x99_e5,2927772633970246696,1310.0000,1273.0000,2.9065,71.6850
0-100,swiss42,42,big_200x900_m40_x99_e5,2927772633970246697,1372.0000,1273.0000,7.7769,70.3391
0-100,swiss42,42,big_200x900_m40_x99_e5,2927772633970246698,1371.0000,1273.0000,7.6984,71.3112
0-100,swiss42,42,big_200x900_m40_x99_e5,2927772633970246699,1380.0000,1273.0000,8.4053,70.6317
0-100,ulysses16,16,big_200x900_m40_x99_e5,2728232724063409221,6870.0000,6859.0000,0.1604,39.4895
0-100,ulysses16,16,big_200x900_m40_x99_e5,2728232724063409222,6895.0000,6859.0000,0.5249,39.9020
0-100,ulysses16,16,big_200x900_m40_x99_e5,2728232724063409223,6870.0000,6859.0000,0.1604,39.1735
0-100,ulysses16,16,big_200x900_m40_x99_e5,2728232724063409224,6895.0000,6859.0000,0.5249,39.8960
0-100,ulysses16,16,big_200x900_m40_x99_e5,2728232724063409225,6875.0000,6859.0000,0.2333,38.7273
0-100,ulysses22,22,big_200x900_m40_x99_e5,17763537983095401368,7120.0000,7013.0000,1.5257,45.4046
0-100,ulysses22,22,big_200x900_m40_x99_e5,17763537983095401369,7013.0000,7013.0000,0.0000,45.1022
0-100,ulysses22,22,big_200x900_m40_x99_e5,17763537983095401370,7087.0000,7013.0000,1.0552,45.5949
0-100,ulysses22,22,big_200x900_m40_x99_e5,17763537983095401371,7087.0000,7013.0000,1.0552,45.6772
0-100,ulysses22,22,big_200x900_m40_x99_e5,17763537983095401372,7013.0000,7013.0000,0.0000,45.5270
0-100,att48,48,big_200x1200_m40_x99,9847845724907701344,11852.0000,10628.0000,11.5167,120.4912
0-100,att48,48,big_200x1200_m40_x99,9847845724907701345,11932.0000,10628.0000,12.2695,118.6665
0-100,att48,48,big_200x1200_m40_x99,9847845724907701346,11322.0000,10628.0000,6.5299,112.9149
0-100,att48,48,big_200x1200_m40_x99,9847845724907701347,10796.0000,10628.0000,1.5807,105.5131
0-100,att48,48,big_200x1200_m40_x99,9847845724907701348,11172.0000,10628.0000,5.1186,117.6077
0-100,bayg29,29,big_200x1200_m40_x99,5150201184828764023,1708.0000,1610.0000,6.0870,77.9069
0-100,bayg29,29,big_200x1200_m40_x99,5150201184828764024,1610.0000,1610.0000,0.0000,76.7937
0-100,bayg29,29,big_200x1200_m40_x99,5150201184828764025,1663.0000,1610.0000,3.2919,75.5929
0-100,bayg29,29,big_200x1200_m40_x99,5150201184828764026,1610.0000,1610.0000,0.0000,75.4890
0-100,bayg29,29,big_200x1200_m40_x99,5150201184828764027,1626.0000,1610.0000,0.9938,75.2204
0-100,bays29,29,big_200x1200_m40_x99,17071589633801759347,2020.0000,2020.0000,0.0000,75.8306
0-100,bays29,29,big_200x1200_m40_x99,17071589633801759348,2026.0000,2020.0000,0.2970,76.5316
0-100,bays29,29,big_200x1200_m40_x99,17071589633801759349,2126.0000,2020.0000,5.2475,74.2785
0-100,bays29,29,big_200x1200_m40_x99,17071589633801759350,2034.0000,2020.0000,0.6931,74.5365
0-100,bays29,29,big_200x1200_m40_x99,17071589633801759351,2125.0000,2020.0000,5.1980,73.4378
0-100,berlin52,52,big_200x1200_m40_x99,1547870299783455386,8485.0000,7542.0000,12.5033,123.3363
0-100,berlin52,52,big_200x1200_m40_x99,1547870299783455387,8208.0000,7542.0000,8.8305,134.8293
0-100,berlin52,52,big_200x1200_m40_x99,1547870299783455388,9111.0000,7542.0000,20.8035,127.6686
0-100,berlin52,52,big_200x1200_m40_x99,1547870299783455389,9191.0000,7542.0000,21.8642,134.3268
0-100,berlin52,52,big_200x1200_m40_x99,1547870299783455390,8042.0000,7542.0000,6.6295,127.5504
0-100,brazil58,58,big_200x1200_m40_x99,3458142371853395470,29622.0000,25395.0000,16.6450,140.3941
0-100,brazil58,58,big_200x1200_m40_x99,3458142371853395471,29165.0000,25395.0000,14.8454,136.7244
0-100,brazil58,58,big_200x1200_m40_x99,3458142371853395472,26957.0000,25395.0000,6.1508,137.0777
0-100,brazil58,58,big_200x1200_m40_x99,3458142371853395473,30766.0000,25395.0000,21.1498,134.9402
0-100,brazil58,58,big_200x1200_m40_x99,3458142371853395474,27833.0000,25395.0000,9.6003,132.4016
0-100,burma14,14,big_200x1200_m40_x99,2543323195015290409,3323.0000,3323.0000,0.0000,48.3445
0-100,burma14,14,big_200x1200_m40_x99,2543323195015290410,3323.0000,3323.0000,0.0000,49.8511
0-100,burma14,14,big_200x1200_m40_x99,2543323195015290411,3323.0000,3323.0000,0.0000,47.7376
0-100,burma14,14,big_200x1200_m40_x99,2543323195015290412,3323.0000,3323.0000,0.0000,48.0957
0-100,burma14,14,big_200x1200_m40_x99,2543323195015290413,3323.0000,3323.0000,0.0000,48.4339
0-100,dantzig42,42,big_200x1200_m40_x99,144787662426153846,699.0000,699.0000,0.0000,92.8949
0-100,dantzig42,42,big_200x1200_m40_x99,144787662426153847,699.0000,699.0000,0.0000,96.0822
0-100,dantzig42,42,big_200x1200_m40_x99,144787662426153848,699.0000,699.0000,0.0000,93.9637
0-100,dantzig42,42,big_200x1200_m40_x99,144787662426153849,699.0000,699.0000,0.0000,94.2645
0-100,dantzig42,42,big_200x1200_m40_x99,144787662426153850,699.0000,699.0000,0.0000,98.2507
0-100,eil51,51,big_200x1200_m40_x99,11055380656088524995,464.0000,426.0000,8.9202,118.3274
0-100,eil51,51,big_200x1200_m40_x99,11055380656088524996,443.0000,426.0000,3.9906,116.5215
0-100,eil51,51,big_200x1200_m40_x99,11055380656088524997,457.0000,426.0000,7.2770,118.8886
0-100,eil51,51,big_200x1200_m40_x99,11055380656088524998,456.0000,426.0000,7.0423,115.1172
0-100,eil51,51,big_200x1200_m40_x99,11055380656088524999,468.0000,426.0000,9.8592,118.3581
0-100,eil76,76,big_200x1200_m40_x99,13179297641903508658,697.0000,538.0000,29.5539,155.1067
0-100,eil76,76,big_200x1200_m40_x99,13179297641903508659,739.0000,538.0000,37.3606,156.1139
0-100,eil76,76,big_200x1200_m40_x99,13179297641903508660,693.0000,538.0000,28.8104,156.1349
0-100,eil76,76,big_200x1200_m40_x99,13179297641903508661,712.0000,538.0000,32.3420,155.5203
0-100,eil76,76,big_200x1200_m40_x99,13179297641903508662,814.0000,538.0000,51.3011,155.3470
0-100,fri26,26,big_200x1200_m40_x99,14349457960581806148,955.0000,937.0000,1.9210,66.7467
0-100,fri26,26,big_200x1200_m40_x99,14349457960581806149,955.0000,937.0000,1.9210,67.3356
0-100,fri26,26,big_200x1200_m40_x99,14349457960581806150,937.0000,937.0000,0.0000,65.8476
0-100,fri26,26,big_200x1200_m40_x99,14349457960581806151,955.0000,937.0000,1.9210,65.4792
0-100,fri26,26,big_200x1200_m40_x99,14349457960581806152,937.0000,937.0000,0.0000,66.0221
0-100,gr17,17,big_200x1200_m40_x99,8446040009253428196,2103.0000,2085.0000,0.8633,56.8708
0-100,gr17,17,big_200x1200_m40_x99,8446040009253428197,2085.0000,2085.0000,0.0000,53.9420
0-100,gr17,17,big_200x1200_m40_x99,8446040009253428198,2085.0000,2085.0000,0.0000,52.3568
0-100,gr17,17,big_200x1200_m40_x99,8446040009253428199,2085.0000,2085.0000,0.0000,52.7834
0-100,gr17,17,big_200x1200_m40_x99,8446040009253428200,2103.0000,2085.0000,0.8633,54.6556
0-100,gr21,21,big_200x1200_m40_x99,10753072820591834333,2707.0000,2707.0000,0.0000,58.8771
0-100,gr21,21,big_200x1200_m40_x99,10753072820591834334,2707.0000,2707.0000,0.0000,59.9466
0-100,gr21,21,big_200x1200_m40_x99,10753072820591834335,2707.0000,2707.0000,0.0000,59.7576
0-100,gr21,21,big_200x1200_m40_x99,10753072820591834336,2707.0000,2707.0000,0.0000,60.4494
0-100,gr21,21,big_200x1200_m40_x99,10753072820591834337,2707.0000,2707.0000,0.0000,59.7108
0-100,gr24,24,big_200x1200_m40_x99,11398737418422661732,1331.0000,1272.0000,4.6384,66.6910
0-100,gr24,24,big_200x1200_m40_x99,11398737418422661733,1340.0000,1272.0000,5.3459,66.3854
0-100,gr24,24,big_200x1200_m40_x99,11398737418422661734,1342.0000,1272.0000,5.5031,67.9920
0-100,gr24,24,big_200x1200_m40_x99,11398737418422661735,1328.0000,1272.0000,4.4025,65.1871
0-100,gr24,24,big_200x1200_m40_x99,11398737418422661736,1289.0000,1272.0000,1.3365,66.3662
0-100,gr48,48,big_200x1200_m40_x99,7158518180390852390,5227.0000,5046.0000,3.5870,116.6231
0-100,gr48,48,big_200x1200_m40_x99,7158518180390852391,5370.0000,5046.0000,6.4209,110.6618
0-100,gr48,48,big_200x1200_m40_x99,7158518180390852392,5432.0000,5046.0000,7.6496,111.0834
0-100,gr48,48,big_200x1200_m40_x99,7158518180390852393,5445.0000,5046.0000,7.9073,128.2957
0-100,gr48,48,big_200x1200_m40_x99,7158518180390852394,5664.0000,5046.0000,12.2473,118.4304
0-100,gr96,96,big_200x1200_m40_x99,12422055767697571055,65142.0000,55209.0000,17.9916,183.0230
0-100,gr96,96,big_200x1200_m40_x99,12422055767697571056,65999.0000,55209.0000,19.5439,182.0586
0-100,gr96,96,big_200x1200_m40_x99,12422055767697571057,70597.0000,55209.0000,27.8723,189.4863
0-100,gr96,96,big_200x1200_m40_x99,12422055767697571058,67503.0000,55209.0000,22.2681,186.0560
0-100,gr96,96,big_200x1200_m40_x99,12422055767697571059,74971.0000,55209.0000,35.7949,185.6494
0-100,hk48,48,big_200x1200_m40_x99,1218990303811609426,12521.0000,11461.0000,9.2488,116.7842
0-100,hk48,48,big_200x1200_m40_x99,1218990303811609427,11834.0000,11461.0000,3.2545,114.4482
0-100,hk48,48,big_200x1200_m40_x99,1218990303811609428,12482.0000,11461.0000,8.9085,116.4958
0-100,hk48,48,big_200x1200_m40_x99,1218990303811609429,12273.0000,11461.0000,7.0849,114.9619
0-100,hk48,48,big_200x1200_m40_x99,1218990303811609430,11826.0000,11461.0000,3.1847,119.8905
0-100,pr76,76,big_200x1200_m40_x99,5133498184737712152,145668.0000,108159.0000,34.6795,153.1096
0-100,pr76,76,big_200x1200_m40_x99,5133498184737712153,148468.0000,108159.0000,37.2683,153.1188
0-100,pr76,76,big_200x1200_m40_x99,5133498184737712154,144990.0000,108159.0000,34.0526,153.4317
0-100,pr76,76,big_200x1200_m40_x99,5133498184737712155,145095.0000,108159.0000,34.1497,189.4417
0-100,pr76,76,big_200x1200_m40_x99,5133498184737712156,147307.0000,108159.0000,36.1949,153.7946
0-100,rat99,99,big_200x1200_m40_x99,5525041707729463056,1638.0000,1211.0000,35.2601,185.0779
0-100,rat99,99,big_200x1200_m40_x99,5525041707729463057,1678.0000,1211.0000,38.5632,186.4732
0-100,rat99,99,big_200x1200_m40_x99,5525041707729463058,1755.0000,1211.0000,44.9216,186.1260
0-100,rat99,99,big_200x1200_m40_x99,5525041707729463059,1769.0000,1211.0000,46.0776,186.9262
0-100,rat99,99,big_200x1200_m40_x99,5525041707729463060,1703.0000,1211.0000,40.6276,185.6471
0-100,st70,70,big_200x1200_m40_x99,18096285256724678641,1025.0000,675.0000,51.8519,150.1093
0-100,st70,70,big_200x1200_m40_x99,18096285256724678642,922.0000,675.0000,36.5926,149.4636
0-100,st70,70,big_200x1200_m40_x99,18096285256724678643,917.0000,675.0000,35.8519,150.6531
0-100,st70,70,big_200x1200_m40_x99,18096285256724678644,828.0000,675.0000,22.6667,146.2648
0-100,st70,70,big_200x1200_m40_x99,18096285256724678645,804.0000,675.0000,19.1111,146.6191
0-100,swiss42,42,big_200x1200_m40_x99,8784541415294707094,1366.0000,1273.0000,7.3056,97.5621
0-100,swiss42,42,big_200x1200_m40_x99,8784541415294707095,1301.0000,1273.0000,2.1995,98.1582
0-100,swiss42,42,big_200x1200_m40_x99,8784541415294707096,1430.0000,1273.0000,12.3331,106.4999
0-100,swiss42,42,big_200x1200_m40_x99,8784541415294707097,1336.0000,1273.0000,4.9489,99.4343
0-100,swiss42,42,big_200x1200_m40_x99,8784541415294707098,1339.0000,1273.0000,5.1846,96.6943
0-100,ulysses16,16,big_200x1200_m40_x99,12875575463491112492,6875.0000,6859.0000,0.2333,54.0768
0-100,ulysses16,16,big_200x1200_m40_x99,12875575463491112493,6895.0000,6859.0000,0.5249,56.7502
0-100,ulysses16,16,big_200x1200_m40_x99,12875575463491112494,6870.0000,6859.0000,0.1604,53.2303
0-100,ulysses16,16,big_200x1200_m40_x99,12875575463491112495,6859.0000,6859.0000,0.0000,53.4630
0-100,ulysses16,16,big_200x1200_m40_x99,12875575463491112496,6859.0000,6859.0000,0.0000,52.8281
0-100,ulysses22,22,big_200x1200_m40_x99,9464136648813553023,7087.0000,7013.0000,1.0552,64.2570
0-100,ulysses22,22,big_200x1200_m40_x99,9464136648813553024,7087.0000,7013.0000,1.0552,62.7434
0-100,ulysses22,22,big_200x1200_m40_x99,9464136648813553025,7013.0000,7013.0000,0.0000,61.1604
0-100,ulysses22,22,big_200x1200_m40_x99,9464136648813553026,7087.0000,7013.0000,1.0552,66.9391
0-100,ulysses22,22,big_200x1200_m40_x99,9464136648813553027,7092.0000,7013.0000,1.1265,64.0232
0-100,att48,48,big_300x600_m40_x99,16152922530517432134,13367.0000,10628.0000,25.7715,92.7515
0-100,att48,48,big_300x600_m40_x99,16152922530517432135,12342.0000,10628.0000,16.1272,92.3959
0-100,att48,48,big_300x600_m40_x99,16152922530517432136,12234.0000,10628.0000,15.1110,94.1743
0-100,att48,48,big_300x600_m40_x99,16152922530517432137,12875.0000,10628.0000,21.1423,92.2220
0-100,att48,48,big_300x600_m40_x99,16152922530517432138,13379.0000,10628.0000,25.8845,92.2435
0-100,bayg29,29,big_300x600_m40_x99,1011779402773674793,1610.0000,1610.0000,0.0000,58.6793
0-100,bayg29,29,big_300x600_m40_x99,1011779402773674794,1628.0000,1610.0000,1.1180,62.8053
0-100,bayg29,29,big_300x600_m40_x99,1011779402773674795,1663.0000,1610.0000,3.2919,63.9110
0-100,bayg29,29,big_300x600_m40_x99,1011779402773674796,1626.0000,1610.0000,0.9938,59.6065
0-100,bayg29,29,big_300x600_m40_x99,1011779402773674797,1610.0000,1610.0000,0.0000,57.8326
0-100,bays29,29,big_300x600_m40_x99,12933167851746670117,2034.0000,2020.0000,0.6931,59.2764
0-100,bays29,29,big_300x600_m40_x99,12933167851746670118,2026.0000,2020.0000,0.2970,59.2731
0-100,bays29,29,big_300x600_m40_x99,12933167851746670119,2141.0000,2020.0000,5.9901,63.5897
0-100,bays29,29,big_300x600_m40_x99,12933167851746670120,2204.0000,2020.0000,9.1089,69.1430
0-100,bays29,29,big_300x600_m40_x99,12933167851746670121,2026.0000,2020.0000,0.2970,63.0953
0-100,berlin52,52,big_300x600_m40_x99,2056352234170900956,10729.0000,7542.0000,42.2567,98.8525
0-100,berlin52,52,big_300x600_m40_x99,2056352234170900957,10847.0000,7542.0000,43.8213,99.1266
0-100,berlin52,52,big_300x600_m40_x99,2056352234170900958,9073.0000,7542.0000,20.2997,96.1367
0-100,berlin52,52,big_300x600_m40_x99,2056352234170900959,10143.0000,7542.0000,34.4869,96.8468
0-100,berlin52,52,big_300x600_m40_x99,2056352234170900960,9434.0000,7542.0000,25.0862,96.0450
0-100,brazil58,58,big_300x600_m40_x99,3966624306240841040,38676.0000,25395.0000,52.2977,105.9339
0-100,brazil58,58,big_300x600_m40_x99,3966624306240841041,32423.0000,25395.0000,27.6747,103.6449
0-100,brazil58,58,big_300x600_m40_x99,3966624306240841042,37128.0000,25395.0000,46.2020,104.4029
0-100,brazil58,58,big_300x600_m40_x99,3966624306240841043,34020.0000,25395.0000,33.9634,103.2889
0-100,brazil58,58,big_300x600_m40_x99,3966624306240841044,34130.0000,25395.0000,34.3965,105.4904
0-100,burma14,14,big_300x600_m40_x99,13812391957085149759,3323.0000,3323.0000,0.0000,38.7262
0-100,burma14,14,big_300x600_m40_x99,13812391957085149760,3323.0000,3323.0000,0.0000,40.5714
0-100,burma14,14,big_300x600_m40_x99,13812391957085149761,3323.0000,3323.0000,0.0000,37.6522
0-100,burma14,14,big_300x600_m40_x99,13812391957085149762,3323.0000,3323.0000,0.0000,37.2658
0-100,burma14,14,big_300x600_m40_x99,13812391957085149763,3323.0000,3323.0000,0.0000,37.9492
0-100,dantzig42,42,big_300x600_m40_x99,11415688846052868668,699.0000,699.0000,0.0000,93.2552
0-100,dantzig42,42,big_300x600_m40_x99,11415688846052868669,699.0000,699.0000,0.0000,83.2068
0-100,dantzig42,42,big_300x600_m40_x99,11415688846052868670,699.0000,699.0000,0.0000,81.7887
0-100,dantzig42,42,big_300x600_m40_x99,11415688846052868671,699.0000,699.0000,0.0000,81.4365
0-100,dantzig42,42,big_300x600_m40_x99,11415688846052868672,699.0000,699.0000,0.0000,74.7616
0-100,eil51,51,big_300x600_m40_x99,17360457461698255785,518.0000,426.0000,21.5962,92.9495
0-100,eil51,51,big_300x600_m40_x99,17360457461698255786,561.0000,426.0000,31.6901,95.6394
0-100,eil51,51,big_300x600_m40_x99,17360457461698255787,490.0000,426.0000,15.0235,91.4442
0-100,eil51,51,big_300x600_m40_x99,17360457461698255788,521.0000,426.0000,22.3005,94.5869
0-100,eil51,51,big_300x600_m40_x99,17360457461698255789,562.0000,426.0000,31.9249,93.9111
0-100,eil76,76,big_300x600_m40_x99,1037630373803687832,948.0000,538.0000,76.2082,127.1821
0-100,eil76,76,big_300x600_m40_x99,1037630373803687833,899.0000,538.0000,67.1004,126.4260
0-100,eil76,76,big_300x600_m40_x99,1037630373803687834,959.0000,538.0000,78.2528,128.8453
0-100,eil76,76,big_300x600_m40_x99,1037630373803687835,916.0000,538.0000,70.2602,129.8135
0-100,eil76,76,big_300x600_m40_x99,1037630373803687836,836.0000,538.0000,55.3903,124.3142
0-100,fri26,26,big_300x600_m40_x99,2207790692481985322,937.0000,937.0000,0.0000,51.2568
0-100,fri26,26,big_300x600_m40_x99,2207790692481985323,937.0000,937.0000,0.0000,52.8233
0-100,fri26,26,big_300x600_m40_x99,2207790692481985324,937.0000,937.0000,0.0000,50.8187
0-100,fri26,26,big_300x600_m40_x99,2207790692481985325,937.0000,937.0000,0.0000,52.4317
0-100,fri26,26,big_300x600_m40_x99,2207790692481985326,937.0000,937.0000,0.0000,51.0359
0-100,gr17,17,big_300x600_m40_x99,4410539999085739142,2085.0000,2085.0000,0.0000,42.7505
0-100,gr17,17,big_300x600_m40_x99,4410539999085739143,2103.0000,2085.0000,0.8633,50.0897
0-100,gr17,17,big_300x600_m40_x99,4410539999085739144,2103.0000,2085.0000,0.8633,50.5062
0-100,gr17,17,big_300x600_m40_x99,4410539999085739145,2085.0000,2085.0000,0.0000,41.2092
0-100,gr17,17,big_300x600_m40_x99,4410539999085739146,2090.0000,2085.0000,0.2398,49.4298
0-100,gr21,21,big_300x600_m40_x99,6717572810424145279,2707.0000,2707.0000,0.0000,46.8540
0-100,gr21,21,big_300x600_m40_x99,6717572810424145280,2707.0000,2707.0000,0.0000,47.1105
0-100,gr21,21,big_300x600_m40_x99,6717572810424145281,2707.0000,2707.0000,0.0000,48.2163
0-100,gr21,21,big_300x600_m40_x99,6717572810424145282,2707.0000,2707.0000,0.0000,45.9364
0-100,gr21,21,big_300x600_m40_x99,6717572810424145283,2707.0000,2707.0000,0.0000,45.4708
0-100,gr24,24,big_300x600_m40_x99,7363237408254972678,1349.0000,1272.0000,6.0535,59.8851
0-100,gr24,24,big_300x600_m40_x99,7363237408254972679,1346.0000,1272.0000,5.8176,53.8089
0-100,gr24,24,big_300x600_m40_x99,7363237408254972680,1369.0000,1272.0000,7.6258,65.1644
0-100,gr24,24,big_300x600_m40_x99,7363237408254972681,1272.0000,1272.0000,0.0000,50.8380
0-100,gr24,24,big_300x600_m40_x99,7363237408254972682,1286.0000,1272.0000,1.1006,52.8908
0-100,gr48,48,big_300x600_m40_x99,3123018170223163336,6758.0000,5046.0000,33.9279,93.7267
0-100,gr48,48,big_300x600_m40_x99,3123018170223163337,6256.0000,5046.0000,23.9794,90.9687
0-100,gr48,48,big_300x600_m40_x99,3123018170223163338,6276.0000,5046.0000,24.3757,91.8284
0-100,gr48,48,big_300x600_m40_x99,3123018170223163339,7076.0000,5046.0000,40.2299,93.6571
0-100,gr48,48,big_300x600_m40_x99,3123018170223163340,5496.0000,5046.0000,8.9180,90.4655
0-100,gr96,96,big_300x600_m40_x99,8386555757529882001,75422.0000,55209.0000,36.6118,142.8995
0-100,gr96,96,big_300x600_m40_x99,8386555757529882002,75844.0000,55209.0000,37.3762,141.7989
0-100,gr96,96,big_300x600_m40_x99,8386555757529882003,77547.0000,55209.0000,40.4608,142.8923
0-100,gr96,96,big_300x600_m40_x99,8386555757529882004,78418.0000,55209.0000,42.0384,142.2803
0-100,gr96,96,big_300x600_m40_x99,8386555757529882005,77744.0000,55209.0000,40.8176,143.5174
0-100,hk48,48,big_300x600_m40_x99,15630234367353471988,14204.0000,11461.0000,23.9333,91.8339
0-100,hk48,48,big_300x600_m40_x99,15630234367353471989,14121.0000,11461.0000,23.2091,92.5415
0-100,hk48,48,big_300x600_m40_x99,15630234367353471990,12935.0000,11461.0000,12.8610,91.0744
0-100,hk48,48,big_300x600_m40_x99,15630234367353471991,15727.0000,11461.0000,37.2219,93.5042
0-100,hk48,48,big_300x600_m40_x99,15630234367353471992,13874.0000,11461.0000,21.0540,93.7077
0-100,pr76,76,big_300x600_m40_x99,1097998174570023098,150194.0000,108159.0000,38.8641,121.9067
0-100,pr76,76,big_300x600_m40_x99,1097998174570023099,148477.0000,108159.0000,37.2766,121.3132
0-100,pr76,76,big_300x600_m40_x99,1097998174570023100,148180.0000,108159.0000,37.0020,124.8163
0-100,pr76,76,big_300x600_m40_x99,1097998174570023101,147596.0000,108159.0000,36.4621,122.8924
0-100,pr76,76,big_300x600_m40_x99,1097998174570023102,146869.0000,108159.0000,35.7899,120.4041
0-100,rat99,99,big_300x600_m40_x99,11830118513339193846,1834.0000,1211.0000,51.4451,145.0460
0-100,rat99,99,big_300x600_m40_x99,11830118513339193847,1966.0000,1211.0000,62.3452,147.0391
0-100,rat99,99,big_300x600_m40_x99,11830118513339193848,2040.0000,1211.0000,68.4558,147.8719
0-100,rat99,99,big_300x600_m40_x99,11830118513339193849,1949.0000,1211.0000,60.9414,145.2378
0-100,rat99,99,big_300x600_m40_x99,11830118513339193850,1958.0000,1211.0000,61.6846,145.7974
0-100,st70,70,big_300x600_m40_x99,14060785246556989587,1244.0000,675.0000,84.2963,116.8300
0-100,st70,70,big_300x600_m40_x99,14060785246556989588,1206.0000,675.0000,78.6667,117.5112
0-100,st70,70,big_300x600_m40_x99,14060785246556989589,1232.0000,675.0000,82.5185,117.0550
0-100,st70,70,big_300x600_m40_x99,14060785246556989590,1090.0000,675.0000,61.4815,118.9332
0-100,st70,70,big_300x600_m40_x99,14060785246556989591,1247.0000,675.0000,84.7407,155.6032
0-100,swiss42,42,big_300x600_m40_x99,1606866103655014828,1552.0000,1273.0000,21.9167,90.1842
0-100,swiss42,42,big_300x600_m40_x99,1606866103655014829,1640.0000,1273.0000,28.8295,88.3296
0-100,swiss42,42,big_300x600_m40_x99,1606866103655014830,1545.0000,1273.0000,21.3668,93.5248
0-100,swiss42,42,big_300x600_m40_x99,1606866103655014831,1408.0000,1273.0000,10.6049,89.9766
0-100,swiss42,42,big_300x600_m40_x99,1606866103655014832,1508.0000,1273.0000,18.4603,89.2780
0-100,ulysses16,16,big_300x600_m40_x99,5699732573408275698,6859.0000,6859.0000,0.0000,47.3561
0-100,ulysses16,16,big_300x600_m40_x99,5699732573408275699,6870.0000,6859.0000,0.1604,47.2667
0-100,ulysses16,16,big_300x600_m40_x99,5699732573408275700,6859.0000,6859.0000,0.0000,48.9347
0-100,ulysses16,16,big_300x600_m40_x99,5699732573408275701,6870.0000,6859.0000,0.1604,43.4052
0-100,ulysses16,16,big_300x600_m40_x99,5699732573408275702,6895.0000,6859.0000,0.5249,46.3122
0-100,ulysses22,22,big_300x600_m40_x99,2288293758730716229,7087.0000,7013.0000,1.0552,59.6639
0-100,ulysses22,22,big_300x600_m40_x99,2288293758730716230,7087.0000,7013.0000,1.0552,61.1875
0-100,ulysses22,22,big_300x600_m40_x99,2288293758730716231,7087.0000,7013.0000,1.0552,59.2120
0-100,ulysses22,22,big_300x600_m40_x99,2288293758730716232,7087.0000,7013.0000,1.0552,58.6174
0-100,ulysses22,22,big_300x600_m40_x99,2288293758730716233,7211.0000,7013.0000,2.8233,54.8552
0-100,att48,48,big_200x900_m30_x99_e5,6092834490158921746,11686.0000,10628.0000,9.9548,79.8905
0-100,att48,48,big_200x900_m30_x99_e5,6092834490158921747,11433.0000,10628.0000,7.5743,79.3482
0-100,att48,48,big_200x900_m30_x99_e5,6092834490158921748,11720.0000,10628.0000,10.2747,77.8265
0-100,att48,48,big_200x900_m30_x99_e5,6092834490158921749,11058.0000,10628.0000,4.0459,76.8894
0-100,att48,48,big_200x900_m30_x99_e5,6092834490158921750,11262.0000,10628.0000,5.9654,75.0493
0-100,bayg29,29,big_200x900_m30_x99_e5,11305819422896530317,1625.0000,1610.0000,0.9317,52.9072
0-100,bayg29,29,big_200x900_m30_x99_e5,11305819422896530318,1679.0000,1610.0000,4.2857,52.8611
0-100,bayg29,29,big_200x900_m30_x99_e5,11305819422896530319,1731.0000,1610.0000,7.5155,51.6910
0-100,bayg29,29,big_200x900_m30_x99_e5,11305819422896530320,1717.0000,1610.0000,6.6460,52.0063
0-100,bayg29,29,big_200x900_m30_x99_e5,11305819422896530321,1643.0000,1610.0000,2.0497,52.3963
0-100,bays29,29,big_200x900_m30_x99_e5,4780463798159974025,2055.0000,2020.0000,1.7327,52.1860
0-100,bays29,29,big_200x900_m30_x99_e5,4780463798159974026,2125.0000,2020.0000,5.1980,52.2286
0-100,bays29,29,big_200x900_m30_x99_e5,4780463798159974027,2026.0000,2020.0000,0.2970,51.3233
0-100,bays29,29,big_200x900_m30_x99_e5,4780463798159974028,2110.0000,2020.0000,4.4554,51.8345
0-100,bays29,29,big_200x900_m30_x99_e5,4780463798159974029,2092.0000,2020.0000,3.5644,51.2280
0-100,berlin52,52,big_200x900_m30_x99_e5,12055887719828273504,8298.0000,7542.0000,10.0239,81.4523
0-100,berlin52,52,big_200x900_m30_x99_e5,12055887719828273505,8370.0000,7542.0000,10.9785,99.6399
0-100,berlin52,52,big_200x900_m30_x99_e5,12055887719828273506,8184.0000,7542.0000,8.5123,80.4669
0-100,berlin52,52,big_200x900_m30_x99_e5,12055887719828273507,8203.0000,7542.0000,8.7643,79.7427
0-100,berlin52,52,big_200x900_m30_x99_e5,12055887719828273508,8227.0000,7542.0000,9.0825,84.5318
0-100,brazil58,58,big_200x900_m30_x99_e5,13966159791898213588,26400.0000,25395.0000,3.9575,88.7028
0-100,brazil58,58,big_200x900_m30_x99_e5,13966159791898213589,27968.0000,25395.0000,10.1319,87.6673
0-100,brazil58,58,big_200x900_m30_x99_e5,13966159791898213590,28774.0000,25395.0000,13.3058,86.6672
0-100,brazil58,58,big_200x900_m30_x99_e5,13966159791898213591,26011.0000,25395.0000,2.4257,91.0968
0-100,brazil58,58,big_200x900_m30_x99_e5,13966159791898213592,26975.0000,25395.0000,6.2217,88.1469
0-100,burma14,14,big_200x900_m30_x99_e5,15719317212381955435,3323.0000,3323.0000,0.0000,35.1763
0-100,burma14,14,big_200x900_m30_x99_e5,15719317212381955436,3323.0000,3323.0000,0.0000,36.9663
0-100,burma14,14,big_200x900_m30_x99_e5,15719317212381955437,3323.0000,3323.0000,0.0000,35.2676
0-100,burma14,14,big_200x900_m30_x99_e5,15719317212381955438,3323.0000,3323.0000,0.0000,34.7842
0-100,burma14,14,big_200x900_m30_x99_e5,15719317212381955439,3323.0000,3323.0000,0.0000,35.3376
0-100,dantzig42,42,big_200x900_m30_x99_e5,11636008233790507720,699.0000,699.0000,0.0000,68.3750
0-100,dantzig42,42,big_200x900_m30_x99_e5,11636008233790507721,699.0000,699.0000,0.0000,70.9455
0-100,dantzig42,42,big_200x900_m30_x99_e5,11636008233790507722,699.0000,699.0000,0.0000,66.9969
0-100,dantzig42,42,big_200x900_m30_x99_e5,11636008233790507723,699.0000,699.0000,0.0000,67.0090
0-100,dantzig42,42,big_200x900_m30_x99_e5,11636008233790507724,699.0000,699.0000,0.0000,67.9940
0-100,eil51,51,big_200x900_m30_x99_e5,7300369421339745397,459.0000,426.0000,7.7465,78.4539
0-100,eil51,51,big_200x900_m30_x99_e5,7300369421339745398,447.0000,426.0000,4.9296,77.7197
0-100,eil51,51,big_200x900_m30_x99_e5,7300369421339745399,460.0000,426.0000,7.9812,79.9605
0-100,eil51,51,big_200x900_m30_x99_e5,7300369421339745400,457.0000,426.0000,7.2770,82.8709
0-100,eil51,51,big_200x900_m30_x99_e5,7300369421339745401,494.0000,426.0000,15.9624,81.2150
0-100,eil76,76,big_200x900_m30_x99_e5,9424286407154729060,621.0000,538.0000,15.4275,105.9124
0-100,eil76,76,big_200x900_m30_x99_e5,9424286407154729061,640.0000,538.0000,18.9591,106.2004
0-100,eil76,76,big_200x900_m30_x99_e5,9424286407154729062,627.0000,538.0000,16.5428,105.7583
0-100,eil76,76,big_200x900_m30_x99_e5,9424286407154729063,635.0000,538.0000,18.0297,107.7431
0-100,eil76,76,big_200x900_m30_x99_e5,9424286407154729064,609.0000,538.0000,13.1970,158.1724
0-100,fri26,26,big_200x900_m30_x99_e5,10594446725833026550,955.0000,937.0000,1.9210,49.6544
0-100,fri26,26,big_200x900_m30_x99_e5,10594446725833026551,955.0000,937.0000,1.9210,49.2158
0-100,fri26,26,big_200x900_m30_x99_e5,10594446725833026552,937.0000,937.0000,0.0000,48.0105
0-100,fri26,26,big_200x900_m30_x99_e5,10594446725833026553,955.0000,937.0000,1.9210,48.1009
0-100,fri26,26,big_200x900_m30_x99_e5,10594446725833026554,955.0000,937.0000,1.9210,47.8569
0-100,gr17,17,big_200x900_m30_x99_e5,16303006855764772554,2103.0000,2085.0000,0.8633,38.8434
0-100,gr17,17,big_200x900_m30_x99_e5,16303006855764772555,2085.0000,2085.0000,0.0000,39.5071
0-100,gr17,17,big_200x900_m30_x99_e5,16303006855764772556,2103.0000,2085.0000,0.8633,38.0863
0-100,gr17,17,big_200x900_m30_x99_e5,16303006855764772557,2103.0000,2085.0000,0.8633,37.7270
0-100,gr17,17,big_200x900_m30_x99_e5,16303006855764772558,2090.0000,2085.0000,0.2398,37.2780
0-100,gr21,21,big_200x900_m30_x99_e5,163295593393627075,2707.0000,2707.0000,0.0000,43.2384
0-100,gr21,21,big_200x900_m30_x99_e5,163295593393627076,2707.0000,2707.0000,0.0000,43.2774
0-100,gr21,21,big_200x900_m30_x99_e5,163295593393627077,2707.0000,2707.0000,0.0000,43.6228
0-100,gr21,21,big_200x900_m30_x99_e5,163295593393627078,2707.0000,2707.0000,0.0000,45.8426
0-100,gr21,21,big_200x900_m30_x99_e5,163295593393627079,2707.0000,2707.0000,0.0000,46.0074
0-100,gr24,24,big_200x900_m30_x99_e5,808960191224454474,1342.0000,1272.0000,5.5031,49.7230
0-100,gr24,24,big_200x900_m30_x99_e5,808960191224454475,1377.0000,1272.0000,8.2547,49.5425
0-100,gr24,24,big_200x900_m30_x99_e5,808960191224454476,1358.0000,1272.0000,6.7610,50.0002
0-100,gr24,24,big_200x900_m30_x99_e5,808960191224454477,1364.0000,1272.0000,7.2327,49.1118
0-100,gr24,24,big_200x900_m30_x99_e5,808960191224454478,1302.0000,1272.0000,2.3585,48.2292
0-100,gr48,48,big_200x900_m30_x99_e5,15015485026902196748,5472.0000,5046.0000,8.4423,77.2755
0-100,gr48,48,big_200x900_m30_x99_e5,15015485026902196749,5702.0000,5046.0000,13.0004,75.4648
0-100,gr48,48,big_200x900_m30_x99_e5,15015485026902196750,5354.0000,5046.0000,6.1038,76.0539
0-100,gr48,48,big_200x900_m30_x99_e5,15015485026902196751,5662.0000,5046.0000,12.2077,75.4823
0-100,gr48,48,big_200x900_m30_x99_e5,15015485026902196752,5482.0000,5046.0000,8.6405,75.3495
0-100,gr96,96,big_200x900_m30_x99_e5,1832278540499363797,64039.0000,55209.0000,15.9938,123.1310
0-100,gr96,96,big_200x900_m30_x99_e5,1832278540499363798,63875.0000,55209.0000,15.6967,121.8198
0-100,gr96,96,big_200x900_m30_x99_e5,1832278540499363799,63676.0000,55209.0000,15.3363,121.5589
0-100,gr96,96,big_200x900_m30_x99_e5,1832278540499363800,61811.0000,55209.0000,11.9582,125.7442
0-100,gr96,96,big_200x900_m30_x99_e5,1832278540499363801,63541.0000,55209.0000,15.0917,125.0070
0-100,hk48,48,big_200x900_m30_x99_e5,9075957150322953784,12150.0000,11461.0000,6.0117,85.4167
0-100,hk48,48,big_200x900_m30_x99_e5,9075957150322953785,11891.0000,11461.0000,3.7519,81.8127
0-100,hk48,48,big_200x900_m30_x99_e5,9075957150322953786,12592.0000,11461.0000,9.8682,79.8961
0-100,hk48,48,big_200x900_m30_x99_e5,9075957150322953787,11625.0000,11461.0000,1.4309,77.1822
0-100,hk48,48,big_200x900_m30_x99_e5,9075957150322953788,12287.0000,11461.0000,7.2070,76.2701
0-100,pr76,76,big_200x900_m30_x99_e5,12990465031249056510,137908.0000,108159.0000,27.5049,101.8344
0-100,pr76,76,big_200x900_m30_x99_e5,12990465031249056511,142469.0000,108159.0000,31.7218,107.5600
0-100,pr76,76,big_200x900_m30_x99_e5,12990465031249056512,136465.0000,108159.0000,26.1707,110.8133
0-100,pr76,76,big_200x900_m30_x99_e5,12990465031249056513,141462.0000,108159.0000,30.7908,108.0984
0-100,pr76,76,big_200x900_m30_x99_e5,12990465031249056514,131744.0000,108159.0000,21.8059,110.3344
0-100,rat99,99,big_200x900_m30_x99_e5,1770030472980683458,1463.0000,1211.0000,20.8092,138.7056
0-100,rat99,99,big_200x900_m30_x99_e5,1770030472980683459,1548.0000,1211.0000,27.8282,134.9508
0-100,rat99,99,big_200x900_m30_x99_e5,1770030472980683460,1540.0000,1211.0000,27.1676,134.0790
0-100,rat99,99,big_200x900_m30_x99_e5,1770030472980683461,1557.0000,1211.0000,28.5714,131.5070
0-100,rat99,99,big_200x900_m30_x99_e5,1770030472980683462,1519.0000,1211.0000,25.4335,126.3450
0-100,st70,70,big_200x900_m30_x99_e5,7506508029526471383,802.0000,675.0000,18.8148,99.2930
0-100,st70,70,big_200x900_m30_x99_e5,7506508029526471384,748.0000,675.0000,10.8148,100.5974
0-100,st70,70,big_200x900_m30_x99_e5,7506508029526471385,799.0000,675.0000,18.3704,109.8264
0-100,st70,70,big_200x900_m30_x99_e5,7506508029526471386,752.0000,675.0000,11.4074,106.5423
0-100,st70,70,big_200x900_m30_x99_e5,7506508029526471387,793.0000,675.0000,17.4815,103.4409
0-100,swiss42,42,big_200x900_m30_x99_e5,3513791358951820504,1341.0000,1273.0000,5.3417,67.1357
0-100,swiss42,42,big_200x900_m30_x99_e5,3513791358951820505,1324.0000,1273.0000,4.0063,71.0726
0-100,swiss42,42,big_200x900_m30_x99_e5,3513791358951820506,1437.0000,1273.0000,12.8830,71.3699
0-100,swiss42,42,big_200x900_m30_x99_e5,3513791358951820507,1412.0000,1273.0000,10.9191,71.6946
0-100,swiss42,42,big_200x900_m30_x99_e5,3513791358951820508,1385.0000,1273.0000,8.7981,69.5684
0-100,ulysses16,16,big_200x900_m30_x99_e5,5920051961145914750,6875.0000,6859.0000,0.2333,38.8762
0-100,ulysses16,16,big_200x900_m30_x99_e5,5920051961145914751,6870.0000,6859.0000,0.1604,38.6809
0-100,ulysses16,16,big_200x900_m30_x99_e5,5920051961145914752,6870.0000,6859.0000,0.1604,37.8142
0-100,ulysses16,16,big_200x900_m30_x99_e5,5920051961145914753,6875.0000,6859.0000,0.2333,37.7937
0-100,ulysses16,16,big_200x900_m30_x99_e5,5920051961145914754,6875.0000,6859.0000,0.2333,37.9248
0-100,ulysses22,22,big_200x900_m30_x99_e5,2508613146468355281,7294.0000,7013.0000,4.0068,43.6599
0-100,ulysses22,22,big_200x900_m30_x99_e5,2508613146468355282,7153.0000,7013.0000,1.9963,43.5813
0-100,ulysses22,22,big_200x900_m30_x99_e5,2508613146468355283,7153.0000,7013.0000,1.9963,43.5247
0-100,ulysses22,22,big_200x900_m30_x99_e5,2508613146468355284,7087.0000,7013.0000,1.0552,43.8028
0-100,ulysses22,22,big_200x900_m30_x99_e5,2508613146468355285,7087.0000,7013.0000,1.0552,44.3162
